[{"id":2,"annotations":[{"id":43,"completed_by":1,"result":[{"value":{"choices":["4-Érthető"]},"id":"BsmjWztPu4","from_name":"sentiment","to_name":"text","type":"choices","origin":"manual"}],"was_cancelled":false,"ground_truth":false,"created_at":"2025-10-09T22:18:47.632870Z","updated_at":"2025-10-09T22:18:47.632891Z","draft_created_at":null,"lead_time":12.42,"prediction":{},"result_count":1,"unique_id":"7c5757f2-8165-48b8-836a-b0b7d689aed3","import_id":null,"last_action":null,"bulk_created":false,"task":2,"project":5,"updated_by":1,"parent_prediction":null,"parent_annotation":null,"last_created_by":null}],"file_upload":"b4b57218-netkazan.txt","drafts":[],"predictions":[],"data":{"text":"5.4. A Vevőnek a rendelés bármely szakaszában és a megrendelés Eladó részére való elküldéséig a Webáruházban bármikor lehetősége van az adatbeviteli hibák javítására a megrendelési felületen (pl. termék törlése a kosárból a piros „X\" gomb használatával, a darabszámot pedig a kívánt mennyiség pontos begépelésével tudja megadni)."},"meta":{},"created_at":"2025-10-09T22:18:15.101617Z","updated_at":"2025-10-09T22:18:47.824715Z","inner_id":2,"total_annotations":1,"cancelled_annotations":0,"total_predictions":0,"comment_count":0,"unresolved_comment_count":0,"last_comment_updated_at":null,"project":5,"updated_by":1,"comment_authors":[]},{"id":3,"annotations":[{"id":44,"completed_by":1,"result":[{"value":{"choices":["3-Többé\/kevésbé megértem"]},"id":"e4QgAKYyI-","from_name":"sentiment","to_name":"text","type":"choices","origin":"manual"}],"was_cancelled":false,"ground_truth":false,"created_at":"2025-10-09T22:19:00.117005Z","updated_at":"2025-10-09T22:19:00.117026Z","draft_created_at":null,"lead_time":11.439,"prediction":{},"result_count":1,"unique_id":"6d4c6e72-0965-4ad5-9b5a-3034865f8ec3","import_id":null,"last_action":null,"bulk_created":false,"task":3,"project":5,"updated_by":1,"parent_prediction":null,"parent_annotation":null,"last_created_by":null}],"file_upload":"b4b57218-netkazan.txt","drafts":[],"predictions":[],"data":{"text":"5.5. Szerződés megkötésére kizárólag magyar nyelven van lehetőség. A megkötött szerződés elektronikus úton megkötött szerződésnek minősül, mely nem tekinthető írásba foglalt szerződésnek, amelyre az elektronikus kereskedelmi szolgáltatások, valamint az információs társadalommal összefüggő szolgáltatások egyes kérdéseiről szóló 2001. évi CVIII. törvényben foglaltak megfelelően irányadóak."},"meta":{},"created_at":"2025-10-09T22:18:15.101651Z","updated_at":"2025-10-09T22:19:00.299340Z","inner_id":3,"total_annotations":1,"cancelled_annotations":0,"total_predictions":0,"comment_count":0,"unresolved_comment_count":0,"last_comment_updated_at":null,"project":5,"updated_by":1,"comment_authors":[]},{"id":4,"annotations":[{"id":45,"completed_by":1,"result":[{"value":{"choices":["3-Többé\/kevésbé megértem"]},"id":"G1ZziKcgas","from_name":"sentiment","to_name":"text","type":"choices","origin":"manual"}],"was_cancelled":false,"ground_truth":false,"created_at":"2025-10-09T22:19:09.015182Z","updated_at":"2025-10-09T22:19:09.015203Z","draft_created_at":null,"lead_time":7.729,"prediction":{},"result_count":1,"unique_id":"c3387f1d-1763-4bc1-9a0b-a76a389b8670","import_id":null,"last_action":null,"bulk_created":false,"task":4,"project":5,"updated_by":1,"parent_prediction":null,"parent_annotation":null,"last_created_by":null}],"file_upload":"b4b57218-netkazan.txt","drafts":[],"predictions":[],"data":{"text":"5.6. A Honlapon keresztül megkötött elektronikus szerződés nem kerül iktatásra, és későbbiekben papír alapon nem férhető hozzá."},"meta":{},"created_at":"2025-10-09T22:18:15.101682Z","updated_at":"2025-10-09T22:19:09.190789Z","inner_id":4,"total_annotations":1,"cancelled_annotations":0,"total_predictions":0,"comment_count":0,"unresolved_comment_count":0,"last_comment_updated_at":null,"project":5,"updated_by":1,"comment_authors":[]},{"id":5,"annotations":[{"id":46,"completed_by":1,"result":[{"value":{"choices":["2-Nehezen érthető"]},"id":"owjc4Cfv2B","from_name":"sentiment","to_name":"text","type":"choices","origin":"manual"}],"was_cancelled":false,"ground_truth":false,"created_at":"2025-10-09T22:19:16.686797Z","updated_at":"2025-10-09T22:19:16.686817Z","draft_created_at":null,"lead_time":6.536,"prediction":{},"result_count":1,"unique_id":"9424a3d5-6747-45d8-9e2e-647197c92e74","import_id":null,"last_action":null,"bulk_created":false,"task":5,"project":5,"updated_by":1,"parent_prediction":null,"parent_annotation":null,"last_created_by":null}],"file_upload":"b4b57218-netkazan.txt","drafts":[],"predictions":[],"data":{"text":"5.7.2. A termékek vételára a Webáruházban az általános forgalmi adót és egyéb közterheket is tartalmazó módon kerül feltüntetésre, mely vételár nem tartalmazza a kiszállítás költségét. A termékek ára magyar forintban (HUF) értendő. Egyes, nem járatos termékeknél melyeket kizárólag az egyedi vevői igények kiszolgálására szerzünk be, az áru bruttó vételárának 20%-át az Eladó előlegként elkérheti. Az árváltoztatás jogát az Eladó fenntartja és a Webáruház felületén jelentkező esetleges hibákért felelősséget nem vállal. Eltérés esetén a gyártó által megadott paraméterek érvényesek. Az árlistákban előforduló esetleges hibákért megértésüket kérjük! Az Eladó fenntartja a jogot, hogy bármikor, előzetes értesítés nélkül módosíthatja a jelen oldalakon található anyagokat vagy a bennük feltüntetett termékeket és árakat. Ez esetben a módosítást megelőzően leadott rendeléseket, a módosítást megelőző feltételekkel és áron teljesíti a Vevő részére. Készleten nem lévő termék esetén a feltüntetett árak és szállítási idők tájékoztató jellegűek, minden esetben függnek az aktuális beszerzési lehetőségektől is. Az Eladó nem vállal felelősséget a gondossága ellenére és\/vagy a rendszer hibájából eredően hibásan feltüntetett árért, illetve a nyilvánvalóan téves, a termék közismert nagyságrendű árától jelentősen eltérő, irreális árra (pl. 0 Ft, 1 Ft). Ilyen esetekben az Eladó nem köteles a terméket a weboldalon hibásan feltüntetett áron szolgáltatni. Hibás ár feltüntetése esetén az Eladó, a rendelés visszaigazolásában (telefonon történő 2. visszaigazolás) ajánlja fel a termék valós áron történő megvásárlásának lehetőségét, mely információ birtokában a Vevő eldöntheti, hogy megrendeli valós áron a terméket vagy minden hátrányos jogkövetkezmény nélkül lemondja a megrendelést."},"meta":{},"created_at":"2025-10-09T22:18:15.101721Z","updated_at":"2025-10-09T22:19:16.895308Z","inner_id":5,"total_annotations":1,"cancelled_annotations":0,"total_predictions":0,"comment_count":0,"unresolved_comment_count":0,"last_comment_updated_at":null,"project":5,"updated_by":1,"comment_authors":[]},{"id":6,"annotations":[{"id":47,"completed_by":1,"result":[{"value":{"choices":["1-Nagyon nehezen érthető"]},"id":"GbCZgNJYpk","from_name":"sentiment","to_name":"text","type":"choices","origin":"manual"}],"was_cancelled":false,"ground_truth":false,"created_at":"2025-10-09T22:19:28.176525Z","updated_at":"2025-10-09T22:19:28.176545Z","draft_created_at":null,"lead_time":10.346,"prediction":{},"result_count":1,"unique_id":"0a521cc6-6ec1-4ee8-896b-db880ffd4d2c","import_id":null,"last_action":null,"bulk_created":false,"task":6,"project":5,"updated_by":1,"parent_prediction":null,"parent_annotation":null,"last_created_by":null}],"file_upload":"b4b57218-netkazan.txt","drafts":[],"predictions":[],"data":{"text":"5.8. A webáruházban fellelhetőek olyan termékek, melyeket – a termék jellege, tulajdonsága, használhatósága alapján – a Hüperion Kft. kizárólag a szakmája, önálló foglalkozása vagy üzleti tevékenysége körében eljáró Figyelemmel arra, hogy az egyes tartós fogyasztási cikkekre vonatkozó kötelező jótállásról szóló 151\/2003. (IX. 22.) Korm. rendelet 1.§ alapján a kötelező jótállás kizárólag a Polgári Törvénykönyv szerinti fogyasztó és vállalkozás közötti szerződés keretében eladott – rendelet 1. mellékletben felsorolt – új tartós fogyasztási cikkekre terjed ki, a vállalkozások részére értékesített termékek esetén a Hüperion Kft-t jótállási A Hüperion Kft. minden esetben egyértelműen megjelöli azon termékeket, amelyek vásárlása esetén a Vásárlónak a megrendelő oldalon adószámot szükséges megadnia, valamint nyilatkozni arról, hogy a szakmája, önálló foglalkozása vagy üzleti tevékenysége körében eljáró Ezen termékek esetében a Vásárló a jelen Ászf-ben meghatározott módon élhet kellékszavatossági igényével."},"meta":{},"created_at":"2025-10-09T22:18:15.101756Z","updated_at":"2025-10-09T22:19:28.368719Z","inner_id":6,"total_annotations":1,"cancelled_annotations":0,"total_predictions":0,"comment_count":0,"unresolved_comment_count":0,"last_comment_updated_at":null,"project":5,"updated_by":1,"comment_authors":[]},{"id":7,"annotations":[{"id":48,"completed_by":1,"result":[{"value":{"choices":["4-Érthető"]},"id":"evw1H59ttH","from_name":"sentiment","to_name":"text","type":"choices","origin":"manual"}],"was_cancelled":false,"ground_truth":false,"created_at":"2025-10-09T22:19:39.388890Z","updated_at":"2025-10-09T22:19:39.388913Z","draft_created_at":"2025-10-09T22:19:39.119031Z","lead_time":10.014,"prediction":{},"result_count":1,"unique_id":"719662a9-1cc0-4449-8e32-03a0b1d8f806","import_id":null,"last_action":null,"bulk_created":false,"task":7,"project":5,"updated_by":1,"parent_prediction":null,"parent_annotation":null,"last_created_by":null}],"file_upload":"b4b57218-netkazan.txt","drafts":[],"predictions":[],"data":{"text":"5.9. Az Eladó papíralapú számlát állít ki. A Hüperion Kft. a számlát legkésőbb a termék átadásakor bocsátja a Vevő rendelkezésére."},"meta":{},"created_at":"2025-10-09T22:18:15.101788Z","updated_at":"2025-10-09T22:19:39.561402Z","inner_id":7,"total_annotations":1,"cancelled_annotations":0,"total_predictions":0,"comment_count":0,"unresolved_comment_count":0,"last_comment_updated_at":null,"project":5,"updated_by":1,"comment_authors":[]},{"id":8,"annotations":[{"id":49,"completed_by":1,"result":[{"value":{"choices":["5-Könnyen érthető"]},"id":"EG4ObV7uzF","from_name":"sentiment","to_name":"text","type":"choices","origin":"manual"}],"was_cancelled":false,"ground_truth":false,"created_at":"2025-10-09T22:19:49.539786Z","updated_at":"2025-10-09T22:19:49.539807Z","draft_created_at":null,"lead_time":8.919,"prediction":{},"result_count":1,"unique_id":"bd899779-073f-41a8-9ba6-81d16c490360","import_id":null,"last_action":null,"bulk_created":false,"task":8,"project":5,"updated_by":1,"parent_prediction":null,"parent_annotation":null,"last_created_by":null}],"file_upload":"b4b57218-netkazan.txt","drafts":[],"predictions":[],"data":{"text":"5.10. A Vevő a megrendelt árut a rendeléskor kiválasztottaknak és Hüperion Kft. által visszaigazoltan elfogadottaknak megfelelően személyesen vagy a Vevő megadott szállítási címén a visszaigazoló e-mailben jelzett időintervallumban futárszolgálat által történő házhozszállítás keretében veheti át."},"meta":{},"created_at":"2025-10-09T22:18:15.101819Z","updated_at":"2025-10-09T22:19:49.741910Z","inner_id":8,"total_annotations":1,"cancelled_annotations":0,"total_predictions":0,"comment_count":0,"unresolved_comment_count":0,"last_comment_updated_at":null,"project":5,"updated_by":1,"comment_authors":[]},{"id":9,"annotations":[{"id":50,"completed_by":1,"result":[{"value":{"choices":["1-Nagyon nehezen érthető"]},"id":"KybywItZBj","from_name":"sentiment","to_name":"text","type":"choices","origin":"manual"}],"was_cancelled":false,"ground_truth":false,"created_at":"2025-10-09T22:19:56.812154Z","updated_at":"2025-10-09T22:19:56.812181Z","draft_created_at":null,"lead_time":5.993,"prediction":{},"result_count":1,"unique_id":"c52a4fab-21b3-4c72-b9c9-51ce10c77d07","import_id":null,"last_action":null,"bulk_created":false,"task":9,"project":5,"updated_by":1,"parent_prediction":null,"parent_annotation":null,"last_created_by":null}],"file_upload":"b4b57218-netkazan.txt","drafts":[],"predictions":[],"data":{"text":"5.11.4. A nezkazan.hu portálon megtalálható termékek szállítási határideje termékenként változó. Az általános teljesítési határidő 3-10 munkanap. Egyes termékek készleten vannak, míg mások alacsony vevői igények miatt csak megrendelésre érkeznek, ezért az ilyen termékek várható szállítási idejéről az Eladó a Vevőt telefonon és\/vagy írásban értesíti. Az első kézbesítési kísérlet sikertelensége esetén, a címiraton feltüntetett címzetti magyarországi telefonszámon a futár – az értesítő hátrahagyását megelőzően – megkísérli egyeztetni a másodszori kézbesítés időpontját. A telefonszám hiánya, illetve az egyeztetési kísérlet sikertelensége esetén a Magyar Posta a csomag küldemény érkezéséről és a kézbesítés megkísérléséről értesítőt hagy hátra, melyen feljegyzi a kézbesítési kísérlet dátumát (hónap, nap, időpont) és azt a telefonszámot, amelyen a másodszori kézbesítés időpontját a Címzett egyeztetheti. A Címzett által (az értesítő alapján) kezdeményezett egyeztetés elmaradása esetén a csomag küldemény kézbesítésének másodszori kísérletére a következő munkanapon kerül sor. A második kézbesítési kísérlet sikertelensége esetén a Magyar Posta a címhelyen ismételten értesítőt hagy, melyen feltünteti azt a kézbesítési pontot, illetve rendelkezésre tartási (őrzési) időt, ahol és ameddig a postacsomag küldeményt a jogosult átveheti. A postacsomag küldemények a kézbesítési ponton a két kézbesítési kísérlet között nem vehetők át, a címzett vagy egyéb jogosult átvevő a postacsomag küldeményt csak a második kézbesítési kísérletet követően veheti át."},"meta":{},"created_at":"2025-10-09T22:18:15.101855Z","updated_at":"2025-10-09T22:19:57.012473Z","inner_id":9,"total_annotations":1,"cancelled_annotations":0,"total_predictions":0,"comment_count":0,"unresolved_comment_count":0,"last_comment_updated_at":null,"project":5,"updated_by":1,"comment_authors":[]},{"id":10,"annotations":[{"id":51,"completed_by":1,"result":[{"value":{"choices":["4-Érthető"]},"id":"pxk0BZbLKB","from_name":"sentiment","to_name":"text","type":"choices","origin":"manual"}],"was_cancelled":false,"ground_truth":false,"created_at":"2025-10-09T22:20:12.360784Z","updated_at":"2025-10-09T22:20:12.360803Z","draft_created_at":null,"lead_time":14.042,"prediction":{},"result_count":1,"unique_id":"69736ee6-b6b1-4a0a-abde-b46ab52577cb","import_id":null,"last_action":null,"bulk_created":false,"task":10,"project":5,"updated_by":1,"parent_prediction":null,"parent_annotation":null,"last_created_by":null}],"file_upload":"b4b57218-netkazan.txt","drafts":[],"predictions":[],"data":{"text":"7.2.2. A Hüperion Kft-nek a saját költségére kell biztosítania a kicserélt áru visszavételét. Ha a kijavítás vagy kicserélés olyan áru eltávolítását teszi szükségessé, amelyet az áru jellegének és céljának megfelelően - a hiba felismerhetővé válása előtt - üzembe helyeztvállek, akkor a kijavításra vagy kicserélésre vonatkozó kötelezettség magában foglalja a nem megfelelő áru eltávolítását és a csereként szállított vagy kijavított áru üzembe helyezését vagy az eltávolítás, illetve üzembe helyezés költségeinek viselését."},"meta":{},"created_at":"2025-10-09T22:18:15.101887Z","updated_at":"2025-10-09T22:20:12.515795Z","inner_id":10,"total_annotations":1,"cancelled_annotations":0,"total_predictions":0,"comment_count":0,"unresolved_comment_count":0,"last_comment_updated_at":null,"project":5,"updated_by":1,"comment_authors":[]},{"id":11,"annotations":[{"id":52,"completed_by":1,"result":[{"value":{"choices":["3-Többé\/kevésbé megértem"]},"id":"vp277ggRyr","from_name":"sentiment","to_name":"text","type":"choices","origin":"manual"}],"was_cancelled":false,"ground_truth":false,"created_at":"2025-10-09T22:20:33.375943Z","updated_at":"2025-10-09T22:20:33.375962Z","draft_created_at":null,"lead_time":19.871,"prediction":{},"result_count":1,"unique_id":"c34b29c5-2dc2-419c-91cc-91cab3284f7d","import_id":null,"last_action":null,"bulk_created":false,"task":11,"project":5,"updated_by":1,"parent_prediction":null,"parent_annotation":null,"last_created_by":null}],"file_upload":"b4b57218-netkazan.txt","drafts":[],"predictions":[],"data":{"text":"7.2.3. A Hüperion Kft. által Vevőnek eladott termék hibája esetén a Vevő követelheti a gyártótól (gyártónak minősül a termék előállítója és forgalmazója), hogy a termék hibáját javítsa ki, vagy - ha a kijavítás megfelelő határidőn belül, a Vevő érdekeinek sérelme nélkül nem lehetséges - a terméket cserélje ki. A gyártót a termékszavatosság az adott termék általa történő forgalomba hozatalától számított két évig terheli. E határidő eltelte jogvesztéssel jár."},"meta":{},"created_at":"2025-10-09T22:18:15.101919Z","updated_at":"2025-10-09T22:20:33.556350Z","inner_id":11,"total_annotations":1,"cancelled_annotations":0,"total_predictions":0,"comment_count":0,"unresolved_comment_count":0,"last_comment_updated_at":null,"project":5,"updated_by":1,"comment_authors":[]},{"id":12,"annotations":[{"id":53,"completed_by":1,"result":[{"value":{"choices":["3-Többé\/kevésbé megértem"]},"id":"aGy5Cryznr","from_name":"sentiment","to_name":"text","type":"choices","origin":"manual"}],"was_cancelled":false,"ground_truth":false,"created_at":"2025-10-09T22:20:48.423586Z","updated_at":"2025-10-09T22:20:48.423621Z","draft_created_at":null,"lead_time":13.14,"prediction":{},"result_count":1,"unique_id":"62ed71f1-53d8-4cb8-b616-f7b139d2052d","import_id":null,"last_action":null,"bulk_created":false,"task":12,"project":5,"updated_by":1,"parent_prediction":null,"parent_annotation":null,"last_created_by":null}],"file_upload":"b4b57218-netkazan.txt","drafts":[],"predictions":[],"data":{"text":"7.2.4. A Hüperion Kft. megtagadhatja az áru szerződésszerűvé tételét, ha a kijavítás, illetve a kicserélés lehetetlen, vagy ha az aránytalan többletköltséget eredményezne a vállalkozásnak, figyelembe véve valamennyi körülményt, ideértve a szolgáltatás hibátlan állapotban képviselt értékét, valamint a szerződésszegés súlyát."},"meta":{},"created_at":"2025-10-09T22:18:15.101949Z","updated_at":"2025-10-09T22:20:48.611132Z","inner_id":12,"total_annotations":1,"cancelled_annotations":0,"total_predictions":0,"comment_count":0,"unresolved_comment_count":0,"last_comment_updated_at":null,"project":5,"updated_by":1,"comment_authors":[]},{"id":13,"annotations":[{"id":54,"completed_by":1,"result":[{"value":{"choices":["1-Nagyon nehezen érthető"]},"id":"mZoG031iAj","from_name":"sentiment","to_name":"text","type":"choices","origin":"manual"}],"was_cancelled":false,"ground_truth":false,"created_at":"2025-10-09T22:20:55.525283Z","updated_at":"2025-10-09T22:20:55.525300Z","draft_created_at":null,"lead_time":5.933,"prediction":{},"result_count":1,"unique_id":"09105b9b-2492-4440-a3bf-a146080c8c8c","import_id":null,"last_action":null,"bulk_created":false,"task":13,"project":5,"updated_by":1,"parent_prediction":null,"parent_annotation":null,"last_created_by":null}],"file_upload":"b4b57218-netkazan.txt","drafts":[],"predictions":[],"data":{"text":"8.1.2. A Hüperion Kft. a szóbeli panaszt, amennyiben arra lehetősége van, azonnal orvosolja. A szóbeli panaszt a vállalkozás köteles azonnal megvizsgálni, és szükség szerint orvosolni. Ha a szóbeli panasz azonnali orvoslására nincs lehetőség, a panasz jellegéből adódóan, vagy ha a Vevő a panasz kezelésével nem ért egyet, akkor a Hüperion Kft. a panaszról jegyzőkönyvet – melyet öt évig őriz, a panaszra tett érdemi válaszával együtt - vesz fel. Hüperion Kft. a jegyzőkönyv egy példányát személyesen (üzlethelyiségben) közölt szóbeli panasz esetén helyben a Vevőnek átadni köteles, vagy ha ez nem lehetséges, akkor az alább részletezett írásbeli panaszra vonatkozó szabályok szerint köteles. A Hüperion Kft. a telefonon vagy egyéb elektronikus hírközlési szolgáltatás felhasználásával közölt szóbeli panasz esetén a Vevőnek legkésőbb az érdemi válasszal egyidejűleg megküldi a jegyzőkönyv másolati példányát. Minden egyéb esetben a Hüperion Kft. az írásbeli panaszra vonatkozó szabályok szerint jár el. A telefonon, vagy más hírközlési eszköz segítségével rögzített panaszt a Vevő egyedi azonosítóval látja el, mely a későbbiekben egyszerűsíti a panasz visszakeresését. A Hüperion Kft. a hozzá írásban érkezett panaszt 30 napon belül érdemben megválaszolja. Az intézkedés jelen szerződés értelmében a postára adást jelenti. A panasz elutasítása esetén Hüperion Kft. az elutasítás indokáról tájékoztatja a Vevőt, valamint írásban tájékoztatja arról, hogy mely hatóság vagy békéltető testület eljárását kezdeményezheti. A tájékoztatónak tartalmaznia kell továbbá az illetékes hatóság, illetve a fogyasztó lakóhelye vagy tartózkodási helye szerinti békéltető testület székhelyét, telefonos és internetes elérhetőségét, valamint levelezési címét. A tájékoztatásnak arra is ki kell terjednie, hogy a vállalkozás tett-e a Békéltető Testületi döntéssel kapcsolatos általános alávetési nyilatkozatot."},"meta":{},"created_at":"2025-10-09T22:18:15.101985Z","updated_at":"2025-10-09T22:20:55.671258Z","inner_id":13,"total_annotations":1,"cancelled_annotations":0,"total_predictions":0,"comment_count":0,"unresolved_comment_count":0,"last_comment_updated_at":null,"project":5,"updated_by":1,"comment_authors":[]},{"id":14,"annotations":[{"id":55,"completed_by":1,"result":[{"value":{"choices":["4-Érthető"]},"id":"-uyLBE58OZ","from_name":"sentiment","to_name":"text","type":"choices","origin":"manual"}],"was_cancelled":false,"ground_truth":false,"created_at":"2025-10-09T22:21:07.050836Z","updated_at":"2025-10-09T22:21:07.050854Z","draft_created_at":null,"lead_time":10.309,"prediction":{},"result_count":1,"unique_id":"dade5314-8775-4725-aeb9-8ae859733edd","import_id":null,"last_action":null,"bulk_created":false,"task":14,"project":5,"updated_by":1,"parent_prediction":null,"parent_annotation":null,"last_created_by":null}],"file_upload":"b4b57218-netkazan.txt","drafts":[],"predictions":[],"data":{"text":"8.1.4. A Hüperion Kft. a közösségi médián keresztül érkező panaszt panaszként, azt az ÁSZF-ben meghatározott általános szabályok szerint kezeli."},"meta":{},"created_at":"2025-10-09T22:18:15.102015Z","updated_at":"2025-10-09T22:21:07.204022Z","inner_id":14,"total_annotations":1,"cancelled_annotations":0,"total_predictions":0,"comment_count":0,"unresolved_comment_count":0,"last_comment_updated_at":null,"project":5,"updated_by":1,"comment_authors":[]},{"id":15,"annotations":[{"id":56,"completed_by":1,"result":[{"value":{"choices":["5-Könnyen érthető"]},"id":"C5g9xTm64L","from_name":"sentiment","to_name":"text","type":"choices","origin":"manual"}],"was_cancelled":false,"ground_truth":false,"created_at":"2025-10-09T22:21:25.586829Z","updated_at":"2025-10-09T22:21:25.587030Z","draft_created_at":null,"lead_time":17.39,"prediction":{},"result_count":1,"unique_id":"948f0807-690d-4cd7-a0ce-22ffdfd14bc9","import_id":null,"last_action":null,"bulk_created":false,"task":15,"project":5,"updated_by":1,"parent_prediction":null,"parent_annotation":null,"last_created_by":null}],"file_upload":"b4b57218-netkazan.txt","drafts":[],"predictions":[],"data":{"text":"8.1.3 A Hüperion Kft. felhívja a Vevő figyelmét, hogy az alábbi panaszok mellőzésére kerülhet sor: korábban érdemben megválaszolt panasz; azonosíthatatlan személy által tett fogyasztói panasz; a sérelmezett tevékenységtől vagy mulasztástól számított 6 hónapon túl előterjesztett panasz; Azonosíthatatlan személy: az a bejelentő\/vevő, aki a beadványában a nevét és az elérhetőségét (lakcím vagy e-mail-cím vagy elektronikus tárhely) nem adja meg."},"meta":{},"created_at":"2025-10-09T22:18:15.102047Z","updated_at":"2025-10-09T22:21:25.763123Z","inner_id":15,"total_annotations":1,"cancelled_annotations":0,"total_predictions":0,"comment_count":0,"unresolved_comment_count":0,"last_comment_updated_at":null,"project":5,"updated_by":1,"comment_authors":[]},{"id":16,"annotations":[{"id":57,"completed_by":1,"result":[{"value":{"choices":["1-Nagyon nehezen érthető"]},"id":"QuVCMenNHu","from_name":"sentiment","to_name":"text","type":"choices","origin":"manual"}],"was_cancelled":false,"ground_truth":false,"created_at":"2025-10-09T22:21:32.610984Z","updated_at":"2025-10-09T22:21:32.611003Z","draft_created_at":null,"lead_time":5.816,"prediction":{},"result_count":1,"unique_id":"a6763cbc-38e6-4b47-af03-d814f5a07f98","import_id":null,"last_action":null,"bulk_created":false,"task":16,"project":5,"updated_by":1,"parent_prediction":null,"parent_annotation":null,"last_created_by":null}],"file_upload":"b4b57218-netkazan.txt","drafts":[],"predictions":[],"data":{"text":"8.2 Amennyiben a Hüperion Kft. és Vevő között esetlegesen fennálló fogyasztói jogvita a Hüperion Kft.-vel való tárgyalások során nem rendeződik, az alábbi jogérvényesítési lehetőségek állnak nyitva Vevő számára: Amennyiben a Vevő fogyasztói jogainak megsértését észleli, jogosult panasszal fordulni a lakóhelye szerint illetékes fogyasztóvédelmi hatósághoz. A panasz elbírálását követően a hatóság dönt a fogyasztóvédelmi eljárás lefolytatásáról. A fogyasztóvédelmi elsőfokú hatósági feladatokat a fogyasztó lakóhelye szerint illetékes fővárosi és vármegyei kormányhivatalok látják el, melyek listája az alábbi linkről érhető el: www.kormanyhivatalok.hu\/ Békéltető testület eljárásának kezdeményezése a Fogyasztó lakóhelye, tartózkodási helye szerint illetékes, vagy az Ön által a kérelemben megjelölt Békéltető Testületnél. A Békéltető Testület eljárása megindításának feltétele, hogy Ön közvetlenül megkísérelje Társaságunkkal a vitás ügy rendezését. A vállalkozást a békéltető testületi eljárásban együttműködési kötelezettség terheli, ennek keretében kötelesek vagyunk a békéltető testület felhívására határidőn belül válasziratunkat megküldeni a békéltető testület számára. A fogyasztói jogviták online rendezéséről, valamint a 2006\/2004\/EK rendelet és a 2009\/22\/EK irányelv módosításáról szóló, 2013. május 21-i 524\/2013\/EU európai parlamenti és tanácsi rendelet alkalmazásának kivételével a vállalkozás a meghallgatáson egyezség létrehozatalára feljogosított személy részvételét biztosítani köteles. Az online meghallgatáson a vállalkozás egyezség létrehozására feljogosított képviselője köteles online részt venni. Ha a fogyasztó személyes meghallgatást kér, a vállalkozás egyezség létrehozására feljogosított képviselője köteles legalább online részt venni a meghallgatáson."},"meta":{},"created_at":"2025-10-09T22:18:15.102204Z","updated_at":"2025-10-09T22:21:32.765441Z","inner_id":16,"total_annotations":1,"cancelled_annotations":0,"total_predictions":0,"comment_count":0,"unresolved_comment_count":0,"last_comment_updated_at":null,"project":5,"updated_by":1,"comment_authors":[]}]