[{"id":9581,"annotations":[{"id":166,"completed_by":18,"result":[{"value":{"choices":["3-Többé\/kevésbé megértem"]},"id":"97bEGj4P8U","from_name":"sentiment","to_name":"text","type":"choices","origin":"manual"}],"was_cancelled":false,"ground_truth":false,"created_at":"2025-10-16T13:25:20.517925Z","updated_at":"2025-10-16T13:25:20.517936Z","draft_created_at":"2025-10-16T13:23:22.672009Z","lead_time":33.799,"prediction":{},"result_count":1,"unique_id":"5b4256ec-c10e-48b6-9ec0-5db5c85c7dab","import_id":null,"last_action":null,"bulk_created":false,"task":9581,"project":26,"updated_by":18,"parent_prediction":null,"parent_annotation":null,"last_created_by":null}],"file_upload":"7b6b1bd6-libri_aszf.txt","drafts":[],"predictions":[],"data":{"text":"Hacsak jelen Általános Szerződési Feltételek („ÁSZF”) szövegéből vagy jogszabály alapján más nem következik;"},"meta":{},"created_at":"2025-10-16T13:15:50.979731Z","updated_at":"2025-10-16T13:25:20.543496Z","inner_id":1,"total_annotations":1,"cancelled_annotations":0,"total_predictions":0,"comment_count":0,"unresolved_comment_count":0,"last_comment_updated_at":null,"project":26,"updated_by":18,"comment_authors":[]},{"id":9582,"annotations":[{"id":168,"completed_by":18,"result":[{"value":{"choices":["3-Többé\/kevésbé megértem"]},"id":"WOQZikYZUG","from_name":"sentiment","to_name":"text","type":"choices","origin":"manual"}],"was_cancelled":false,"ground_truth":false,"created_at":"2025-10-16T13:25:30.949601Z","updated_at":"2025-10-16T13:25:30.949612Z","draft_created_at":"2025-10-16T13:23:41.783754Z","lead_time":27.489,"prediction":{},"result_count":1,"unique_id":"c4c60eab-be79-4f8d-930a-4db61a8cc01d","import_id":null,"last_action":null,"bulk_created":false,"task":9582,"project":26,"updated_by":18,"parent_prediction":null,"parent_annotation":null,"last_created_by":null}],"file_upload":"7b6b1bd6-libri_aszf.txt","drafts":[],"predictions":[],"data":{"text":"Felhasználó: az a természetes személy, jogi személy, vagy szervezet, aki vagy amely a Szolgáltató által nyújtott szolgáltatások valamelyikét igénybe veszi a Webáruházban, így különösen terméket vesz, rendel, kap, használ, igénybe vesz, vagy a termékkel kapcsolatos kereskedelmi kommunikáció, ajánlat címzettje (továbbiakban: „Felhasználó”)."},"meta":{},"created_at":"2025-10-16T13:15:50.979781Z","updated_at":"2025-10-16T13:25:30.976072Z","inner_id":2,"total_annotations":1,"cancelled_annotations":0,"total_predictions":0,"comment_count":0,"unresolved_comment_count":0,"last_comment_updated_at":null,"project":26,"updated_by":18,"comment_authors":[]},{"id":9583,"annotations":[{"id":170,"completed_by":18,"result":[{"value":{"choices":["4-Érthető"]},"id":"-X4d8tJ5VJ","from_name":"sentiment","to_name":"text","type":"choices","origin":"manual"}],"was_cancelled":false,"ground_truth":false,"created_at":"2025-10-16T13:25:34.450910Z","updated_at":"2025-10-16T13:25:34.450921Z","draft_created_at":"2025-10-16T13:23:59.959961Z","lead_time":19.654000000000003,"prediction":{},"result_count":1,"unique_id":"9127d52c-5efd-4c2b-a649-eec343ab7e53","import_id":null,"last_action":null,"bulk_created":false,"task":9583,"project":26,"updated_by":18,"parent_prediction":null,"parent_annotation":null,"last_created_by":null}],"file_upload":"7b6b1bd6-libri_aszf.txt","drafts":[],"predictions":[],"data":{"text":"Fogyasztó: a Polgári Törvénykönyvben meghatározott fogyasztó."},"meta":{},"created_at":"2025-10-16T13:15:50.979819Z","updated_at":"2025-10-16T13:25:34.476718Z","inner_id":3,"total_annotations":1,"cancelled_annotations":0,"total_predictions":0,"comment_count":0,"unresolved_comment_count":0,"last_comment_updated_at":null,"project":26,"updated_by":18,"comment_authors":[]},{"id":9584,"annotations":[{"id":171,"completed_by":18,"result":[{"value":{"choices":["3-Többé\/kevésbé megértem"]},"id":"tDtjUr-PLX","from_name":"sentiment","to_name":"text","type":"choices","origin":"manual"}],"was_cancelled":false,"ground_truth":false,"created_at":"2025-10-16T13:25:37.563275Z","updated_at":"2025-10-16T13:25:37.563286Z","draft_created_at":"2025-10-16T13:24:19.913169Z","lead_time":17.415,"prediction":{},"result_count":1,"unique_id":"d417d092-c685-4d6d-9bd9-47ee60f7ea0c","import_id":null,"last_action":null,"bulk_created":false,"task":9584,"project":26,"updated_by":18,"parent_prediction":null,"parent_annotation":null,"last_created_by":null}],"file_upload":"7b6b1bd6-libri_aszf.txt","drafts":[],"predictions":[],"data":{"text":"Termék: áru vagy szolgáltatás, ideértve az ingatlantulajdont, a digitális szolgáltatást és digitális tartalmat, valamint a jogokat és kötelezettségeket is, (2008. évi XLVII. tv.);"},"meta":{},"created_at":"2025-10-16T13:15:50.979856Z","updated_at":"2025-10-16T13:25:37.587509Z","inner_id":4,"total_annotations":1,"cancelled_annotations":0,"total_predictions":0,"comment_count":0,"unresolved_comment_count":0,"last_comment_updated_at":null,"project":26,"updated_by":18,"comment_authors":[]},{"id":9585,"annotations":[{"id":159,"completed_by":18,"result":[{"value":{"choices":["2-Nehezen érthető"]},"id":"zRtYrZUetD","from_name":"sentiment","to_name":"text","type":"choices","origin":"manual"}],"was_cancelled":false,"ground_truth":false,"created_at":"2025-10-16T13:24:42.622158Z","updated_at":"2025-10-16T13:24:42.622169Z","draft_created_at":"2025-10-16T13:24:38.831097Z","lead_time":22.509,"prediction":{},"result_count":1,"unique_id":"e391065d-b4b5-4b57-8574-7bc7eab98619","import_id":null,"last_action":null,"bulk_created":false,"task":9585,"project":26,"updated_by":18,"parent_prediction":null,"parent_annotation":null,"last_created_by":null}],"file_upload":"7b6b1bd6-libri_aszf.txt","drafts":[],"predictions":[],"data":{"text":"Áru: ingó dolog, amely digitális tartalmat vagy digitális szolgáltatást foglal magában vagy azzal össze van kapcsolva, olyan módon, hogy az érintett digitális tartalom vagy digitális szolgáltatás hiányában az áru nem tudná betölteni funkcióit (a továbbiakban: a digitális elemeket tartalmazó áru) (45\/2014. (II. 26.) Korm. rendelet); • ingó dolog, ideértve a tartályban, palackban vagy egyéb módon korlátozott mennyiségben vagy meghatározott űrtartalommal kiszerelt vizet, gázt és villamos energiát, valamint a digitális elemeket tartalmazó árut; (45\/2014. (II. 26.) Korm. rendelet, illetve 373\/2021. (VI. 30.) Korm. rendelet);"},"meta":{},"created_at":"2025-10-16T13:15:50.979893Z","updated_at":"2025-10-16T13:24:42.647458Z","inner_id":5,"total_annotations":1,"cancelled_annotations":0,"total_predictions":0,"comment_count":0,"unresolved_comment_count":0,"last_comment_updated_at":null,"project":26,"updated_by":18,"comment_authors":[]},{"id":9586,"annotations":[{"id":183,"completed_by":18,"result":[{"value":{"choices":["3-Többé\/kevésbé megértem"]},"id":"SU_fywK_X_","from_name":"sentiment","to_name":"text","type":"choices","origin":"manual"}],"was_cancelled":false,"ground_truth":false,"created_at":"2025-10-16T13:26:15.291582Z","updated_at":"2025-10-16T13:26:15.291593Z","draft_created_at":null,"lead_time":35.368,"prediction":{},"result_count":1,"unique_id":"2cde26f3-ce19-4e33-b581-5a9a0f2d8720","import_id":null,"last_action":null,"bulk_created":false,"task":9586,"project":26,"updated_by":18,"parent_prediction":null,"parent_annotation":null,"last_created_by":null}],"file_upload":"7b6b1bd6-libri_aszf.txt","drafts":[],"predictions":[],"data":{"text":"Digitális szolgáltatás: a) olyan szolgáltatás, amely lehetővé teszi a fogyasztó számára, hogy digitális adatokat hozzon létre, kezeljen, tároljon, vagy azokhoz hozzáférjen; vagy b) olyan szolgáltatás, amely lehetővé teszi a fogyasztó és a szolgáltatás más igénybe vevői által feltöltött vagy létrehozott digitális adatok megosztását, illetve az azokkal való egyéb interakciót;"},"meta":{},"created_at":"2025-10-16T13:15:50.979929Z","updated_at":"2025-10-16T13:26:15.322957Z","inner_id":6,"total_annotations":1,"cancelled_annotations":0,"total_predictions":0,"comment_count":0,"unresolved_comment_count":0,"last_comment_updated_at":null,"project":26,"updated_by":18,"comment_authors":[]},{"id":9587,"annotations":[{"id":187,"completed_by":18,"result":[{"value":{"choices":["5-Könnyen érthető"]},"id":"kzyBU3yCEO","from_name":"sentiment","to_name":"text","type":"choices","origin":"manual"}],"was_cancelled":false,"ground_truth":false,"created_at":"2025-10-16T13:26:27.162330Z","updated_at":"2025-10-16T13:26:27.162341Z","draft_created_at":null,"lead_time":7.686,"prediction":{},"result_count":1,"unique_id":"e50d6443-9319-418b-85b9-204193f2f0a2","import_id":null,"last_action":null,"bulk_created":false,"task":9587,"project":26,"updated_by":18,"parent_prediction":null,"parent_annotation":null,"last_created_by":null}],"file_upload":"7b6b1bd6-libri_aszf.txt","drafts":[],"predictions":[],"data":{"text":"Digitális tartalom: digitális formában előállított vagy szolgáltatott adat."},"meta":{},"created_at":"2025-10-16T13:15:50.979964Z","updated_at":"2025-10-16T13:26:27.186615Z","inner_id":7,"total_annotations":1,"cancelled_annotations":0,"total_predictions":0,"comment_count":0,"unresolved_comment_count":0,"last_comment_updated_at":null,"project":26,"updated_by":18,"comment_authors":[]},{"id":9588,"annotations":[{"id":191,"completed_by":18,"result":[{"value":{"choices":["5-Könnyen érthető"]},"id":"I5j95kUq5J","from_name":"sentiment","to_name":"text","type":"choices","origin":"manual"}],"was_cancelled":false,"ground_truth":false,"created_at":"2025-10-16T13:26:41.822118Z","updated_at":"2025-10-16T13:26:41.822130Z","draft_created_at":null,"lead_time":11.339,"prediction":{},"result_count":1,"unique_id":"80abc754-9172-4d9d-94b3-27594addca2a","import_id":null,"last_action":null,"bulk_created":false,"task":9588,"project":26,"updated_by":18,"parent_prediction":null,"parent_annotation":null,"last_created_by":null}],"file_upload":"7b6b1bd6-libri_aszf.txt","drafts":[],"predictions":[],"data":{"text":"Webáruház: a Szolgáltató által mindenkor (jelenleg „libri.hu”; domain-név alatt) üzemeltetett internetes áruház."},"meta":{},"created_at":"2025-10-16T13:15:50.979999Z","updated_at":"2025-10-16T13:26:41.848044Z","inner_id":8,"total_annotations":1,"cancelled_annotations":0,"total_predictions":0,"comment_count":0,"unresolved_comment_count":0,"last_comment_updated_at":null,"project":26,"updated_by":18,"comment_authors":[]},{"id":9589,"annotations":[{"id":200,"completed_by":18,"result":[{"value":{"choices":["1-Nagyon nehezen érthető"]},"id":"vqFwvg66iD","from_name":"sentiment","to_name":"text","type":"choices","origin":"manual"}],"was_cancelled":false,"ground_truth":false,"created_at":"2025-10-16T13:27:09.973665Z","updated_at":"2025-10-16T13:27:09.973680Z","draft_created_at":null,"lead_time":22.628,"prediction":{},"result_count":1,"unique_id":"9b301d8a-c52b-4b79-b0a5-63afe17ffdb6","import_id":null,"last_action":null,"bulk_created":false,"task":9589,"project":26,"updated_by":18,"parent_prediction":null,"parent_annotation":null,"last_created_by":null}],"file_upload":"7b6b1bd6-libri_aszf.txt","drafts":[],"predictions":[],"data":{"text":"Applikáció:  a regisztrált Felhasználók részére a törzsvásárlói kártya adatai megadásával hozzáférhető alkalmazás, mely a törzsvásárlók számára biztosított egyedi kedvezmények mellett a kiemelt ajánlatokra hívja fel a Felhasználó figyelmét, és lehetővé teszi a regisztrált felhasználó profil adatainak módosítását. Az Applikációra az ÁSZF valamennyi vonatkozó rendelkezése alkalmazandó, így (különösen, de nem kizárólag) az ÁSZF III. 1. d. Adatbeviteli hibáknak a szerződéses nyilatkozat elküldését megelőzően történő azonosításához és kijavításához biztosított eszközökkel kapcsolatos tájékoztatás első bekezdése, 9. Árfeltüntetés, 15. Termékszavatosság , 17. Téves ár, 18. Kuponos kedvezmények és a IV. (Egyéb rendelkezések)."},"meta":{},"created_at":"2025-10-16T13:15:50.980037Z","updated_at":"2025-10-16T13:27:10.000892Z","inner_id":9,"total_annotations":1,"cancelled_annotations":0,"total_predictions":0,"comment_count":0,"unresolved_comment_count":0,"last_comment_updated_at":null,"project":26,"updated_by":18,"comment_authors":[]},{"id":9590,"annotations":[{"id":208,"completed_by":18,"result":[{"value":{"choices":["4-Érthető"]},"id":"kux5gd_ve5","from_name":"sentiment","to_name":"text","type":"choices","origin":"manual"}],"was_cancelled":false,"ground_truth":false,"created_at":"2025-10-16T13:27:55.813538Z","updated_at":"2025-10-16T13:27:55.813549Z","draft_created_at":null,"lead_time":42.802,"prediction":{},"result_count":1,"unique_id":"f1a1bbd9-865e-40e6-a677-a24f4e5f684e","import_id":null,"last_action":null,"bulk_created":false,"task":9590,"project":26,"updated_by":18,"parent_prediction":null,"parent_annotation":null,"last_created_by":null}],"file_upload":"7b6b1bd6-libri_aszf.txt","drafts":[],"predictions":[],"data":{"text":"Általános információk: A megrendelések leadása a libri.hu internetes áruházban kizárólag elektronikus úton lehetséges, interneten keresztül a www.libri.hu webcímen. Telefonon, faxon, e-mailen, levélben leadott rendeléseket a Szolgáltató nem fogad el. A rendelésekkel kapcsolatos tájékoztatásokat a Szolgáltató szintén elektronikus úton küldi el a Felhasználók részére"},"meta":{},"created_at":"2025-10-16T13:15:50.980072Z","updated_at":"2025-10-16T13:27:55.839413Z","inner_id":10,"total_annotations":1,"cancelled_annotations":0,"total_predictions":0,"comment_count":0,"unresolved_comment_count":0,"last_comment_updated_at":null,"project":26,"updated_by":18,"comment_authors":[]},{"id":9591,"annotations":[{"id":211,"completed_by":18,"result":[{"value":{"choices":["5-Könnyen érthető"]},"id":"5KYFdJrSOi","from_name":"sentiment","to_name":"text","type":"choices","origin":"manual"}],"was_cancelled":false,"ground_truth":false,"created_at":"2025-10-16T13:28:09.361649Z","updated_at":"2025-10-16T13:28:09.361660Z","draft_created_at":null,"lead_time":10.582,"prediction":{},"result_count":1,"unique_id":"1230108e-69c8-4f6d-a8ce-cae477a2feb6","import_id":null,"last_action":null,"bulk_created":false,"task":9591,"project":26,"updated_by":18,"parent_prediction":null,"parent_annotation":null,"last_created_by":null}],"file_upload":"7b6b1bd6-libri_aszf.txt","drafts":[],"predictions":[],"data":{"text":"Regisztráció: Megrendelés leadására regisztráció után, regisztrációval egybekötve és regisztráció nélkül is lehetőség van."},"meta":{},"created_at":"2025-10-16T13:15:50.980108Z","updated_at":"2025-10-16T13:28:09.390581Z","inner_id":11,"total_annotations":1,"cancelled_annotations":0,"total_predictions":0,"comment_count":0,"unresolved_comment_count":0,"last_comment_updated_at":null,"project":26,"updated_by":18,"comment_authors":[]},{"id":9592,"annotations":[{"id":218,"completed_by":18,"result":[{"value":{"choices":["1-Nagyon nehezen érthető"]},"id":"86JD-A25xn","from_name":"sentiment","to_name":"text","type":"choices","origin":"manual"}],"was_cancelled":false,"ground_truth":false,"created_at":"2025-10-16T13:28:34.336933Z","updated_at":"2025-10-16T13:28:34.336944Z","draft_created_at":null,"lead_time":19.996,"prediction":{},"result_count":1,"unique_id":"6a5f410f-3e33-4fdb-856e-5a1616c2af33","import_id":null,"last_action":null,"bulk_created":false,"task":9592,"project":26,"updated_by":18,"parent_prediction":null,"parent_annotation":null,"last_created_by":null}],"file_upload":"7b6b1bd6-libri_aszf.txt","drafts":[],"predictions":[],"data":{"text":"Megrendelés: A termék(ek) kosárba tételét, a lap tetején jobb oldalt található ajándéktasak ikonra kattintást és a Tovább a kosárhoz gombra kattintást követően az alábbiakra van lehetőség: a kiválasztott termékek megtekintésére, kuponok és törzsvásárlói pontok beváltására,átvételi mód és átvételi hely, házhoz szállítás esetén futárszolgálat választására, szállítási és értesítési adatok megadására és módosítására, a nem bolti átvételű rendelésekhez alapbeállításként megadott elektronikus számla helyett papír alapú számla igénylésére, fizetési mód kiválasztására (bolti átvétel esetén online előre fizetés nem választható, külföldi szállítás pedig kizárólag online előre fizetéssel adható le), számlázási adatok megadására, illetve nem bolti átvételű rendelések esetén Libri ajándékkártya felhasználására, a kiválasztott termékek, a megadott szállítási és számlázási adatok, a kiválasztott átvételi és fizetési mód, a várható szállítási idő és a rendelés összegének ellenőrzésére."},"meta":{},"created_at":"2025-10-16T13:15:50.980146Z","updated_at":"2025-10-16T13:28:34.361216Z","inner_id":12,"total_annotations":1,"cancelled_annotations":0,"total_predictions":0,"comment_count":0,"unresolved_comment_count":0,"last_comment_updated_at":null,"project":26,"updated_by":18,"comment_authors":[]},{"id":9593,"annotations":[{"id":228,"completed_by":18,"result":[{"value":{"choices":["5-Könnyen érthető"]},"id":"TdlliGcoHr","from_name":"sentiment","to_name":"text","type":"choices","origin":"manual"}],"was_cancelled":false,"ground_truth":false,"created_at":"2025-10-16T13:29:20.184186Z","updated_at":"2025-10-16T13:29:20.184197Z","draft_created_at":null,"lead_time":31.814,"prediction":{},"result_count":1,"unique_id":"378191ad-33d7-4e14-8b54-0de54db105d0","import_id":null,"last_action":null,"bulk_created":false,"task":9593,"project":26,"updated_by":18,"parent_prediction":null,"parent_annotation":null,"last_created_by":null}],"file_upload":"7b6b1bd6-libri_aszf.txt","drafts":[],"predictions":[],"data":{"text":"A rendelés adatainak feldolgozása a „Megrendelés véglegesítése” gombra kattintással kezdődik meg."},"meta":{},"created_at":"2025-10-16T13:15:50.980180Z","updated_at":"2025-10-16T13:29:20.208685Z","inner_id":13,"total_annotations":1,"cancelled_annotations":0,"total_predictions":0,"comment_count":0,"unresolved_comment_count":0,"last_comment_updated_at":null,"project":26,"updated_by":18,"comment_authors":[]},{"id":9594,"annotations":[{"id":234,"completed_by":18,"result":[{"value":{"choices":["3-Többé\/kevésbé megértem"]},"id":"6ln18T2CVc","from_name":"sentiment","to_name":"text","type":"choices","origin":"manual"}],"was_cancelled":false,"ground_truth":false,"created_at":"2025-10-16T13:29:43.113890Z","updated_at":"2025-10-16T13:29:43.113902Z","draft_created_at":null,"lead_time":19.745,"prediction":{},"result_count":1,"unique_id":"12106bf2-45a0-45b3-ab21-fc87456418b1","import_id":null,"last_action":null,"bulk_created":false,"task":9594,"project":26,"updated_by":18,"parent_prediction":null,"parent_annotation":null,"last_created_by":null}],"file_upload":"7b6b1bd6-libri_aszf.txt","drafts":[],"predictions":[],"data":{"text":"Adatbeviteli hibáknak a szerződéses nyilatkozat elküldését megelőzően történő azonosításához és kijavításához biztosított eszközökkel kapcsolatos tájékoztatás:"},"meta":{},"created_at":"2025-10-16T13:15:50.980215Z","updated_at":"2025-10-16T13:29:43.137616Z","inner_id":14,"total_annotations":1,"cancelled_annotations":0,"total_predictions":0,"comment_count":0,"unresolved_comment_count":0,"last_comment_updated_at":null,"project":26,"updated_by":18,"comment_authors":[]},{"id":9595,"annotations":[{"id":240,"completed_by":18,"result":[{"value":{"choices":["3-Többé\/kevésbé megértem"]},"id":"RqsDmMlqmY","from_name":"sentiment","to_name":"text","type":"choices","origin":"manual"}],"was_cancelled":false,"ground_truth":false,"created_at":"2025-10-16T13:30:01.335537Z","updated_at":"2025-10-16T13:30:01.335548Z","draft_created_at":null,"lead_time":14.231,"prediction":{},"result_count":1,"unique_id":"48ee0050-2108-4d06-9aae-3359a30f74c8","import_id":null,"last_action":null,"bulk_created":false,"task":9595,"project":26,"updated_by":18,"parent_prediction":null,"parent_annotation":null,"last_created_by":null}],"file_upload":"7b6b1bd6-libri_aszf.txt","drafts":[],"predictions":[],"data":{"text":"Regisztrált Felhasználó Belépés után bármikor ellenőrizheti és módosíthatja adatait a nevére kattintva elérhető Adataim menüben. Az itt eszközölt módosítások azonban nem érvényesek visszamenőleg a korábban már leadott rendelésekre."},"meta":{},"created_at":"2025-10-16T13:15:50.980250Z","updated_at":"2025-10-16T13:30:01.359545Z","inner_id":15,"total_annotations":1,"cancelled_annotations":0,"total_predictions":0,"comment_count":0,"unresolved_comment_count":0,"last_comment_updated_at":null,"project":26,"updated_by":18,"comment_authors":[]},{"id":9596,"annotations":[{"id":244,"completed_by":18,"result":[{"value":{"choices":["4-Érthető"]},"id":"eNjE6rqcm7","from_name":"sentiment","to_name":"text","type":"choices","origin":"manual"}],"was_cancelled":false,"ground_truth":false,"created_at":"2025-10-16T13:30:18.141487Z","updated_at":"2025-10-16T13:30:18.141498Z","draft_created_at":null,"lead_time":12.496,"prediction":{},"result_count":1,"unique_id":"f4dbfdd5-5060-496a-9282-025ee26d1230","import_id":null,"last_action":null,"bulk_created":false,"task":9596,"project":26,"updated_by":18,"parent_prediction":null,"parent_annotation":null,"last_created_by":null}],"file_upload":"7b6b1bd6-libri_aszf.txt","drafts":[],"predictions":[],"data":{"text":"A rendeléshez kapcsolódó adatok megadására, ellenőrzésére és módosítására a rendelés során a Szállítás menü Számlázási adatok, illetve Szállítási adatok pontjaiban van lehetőség."},"meta":{},"created_at":"2025-10-16T13:15:50.980285Z","updated_at":"2025-10-16T13:30:18.167419Z","inner_id":16,"total_annotations":1,"cancelled_annotations":0,"total_predictions":0,"comment_count":0,"unresolved_comment_count":0,"last_comment_updated_at":null,"project":26,"updated_by":18,"comment_authors":[]},{"id":9597,"annotations":[{"id":247,"completed_by":18,"result":[{"value":{"choices":["4-Érthető"]},"id":"F_3tbx7vD6","from_name":"sentiment","to_name":"text","type":"choices","origin":"manual"}],"was_cancelled":false,"ground_truth":false,"created_at":"2025-10-16T13:31:19.733754Z","updated_at":"2025-10-16T13:31:19.733765Z","draft_created_at":null,"lead_time":18.71,"prediction":{},"result_count":1,"unique_id":"29556e4a-565f-41db-ab01-ea3cfe327dfd","import_id":null,"last_action":null,"bulk_created":false,"task":9597,"project":26,"updated_by":18,"parent_prediction":null,"parent_annotation":null,"last_created_by":null}],"file_upload":"7b6b1bd6-libri_aszf.txt","drafts":[],"predictions":[],"data":{"text":"A megrendelés véglegesítése előtt, az Összesítés menüben Felhasználónak további lehetősége van a rendeléshez kiválasztott termékek, átvételi mód, szállítási és számlázási adatok, fizetési mód és fizetendő összeg ellenőrzésére. Ezek esetleges módosítására a megfelelő menüpontba visszalépve van lehetőség."},"meta":{},"created_at":"2025-10-16T13:15:50.980322Z","updated_at":"2025-10-16T13:31:19.757934Z","inner_id":17,"total_annotations":1,"cancelled_annotations":0,"total_predictions":0,"comment_count":0,"unresolved_comment_count":0,"last_comment_updated_at":null,"project":26,"updated_by":18,"comment_authors":[]},{"id":9598,"annotations":[{"id":249,"completed_by":18,"result":[{"value":{"choices":["3-Többé\/kevésbé megértem"]},"id":"gNMIChaV_z","from_name":"sentiment","to_name":"text","type":"choices","origin":"manual"}],"was_cancelled":false,"ground_truth":false,"created_at":"2025-10-16T13:31:45.144087Z","updated_at":"2025-10-16T13:31:45.144098Z","draft_created_at":null,"lead_time":20.29,"prediction":{},"result_count":1,"unique_id":"95dd2c04-90e0-49cb-8176-7983aed475b2","import_id":null,"last_action":null,"bulk_created":false,"task":9598,"project":26,"updated_by":18,"parent_prediction":null,"parent_annotation":null,"last_created_by":null}],"file_upload":"7b6b1bd6-libri_aszf.txt","drafts":[],"predictions":[],"data":{"text":"Ajánlattétel: A „Megrendelés véglegesítése” gomb megnyomásával a Felhasználó ajánlatot tesz, mellyel fizetési kötelezettsége keletkezik, s melyre a megrendeléstől számított 48 órán belül e-mailben automatikusan visszaigazolást küldünk. A visszaigazolás minden esetben tartalmazza a rendelés azonosítóját, a választott átvételi és fizetési módot, a rendelés értékét, a szállítási feltételeket, termékmegnevezést és darabszámot, valamint a Felhasználó szállítási (név, cím, telefonszám) és számlázási (név, cím, ha van, törzsvásárlói kártyaszám) adatait. Amennyiben a visszaigazolás – mely tartalmazza a megrendelés feltételeit – nem érkezik meg, a fogyasztó mentesül az ajánlati kötöttség alól."},"meta":{},"created_at":"2025-10-16T13:15:50.980359Z","updated_at":"2025-10-16T13:31:45.168060Z","inner_id":18,"total_annotations":1,"cancelled_annotations":0,"total_predictions":0,"comment_count":0,"unresolved_comment_count":0,"last_comment_updated_at":null,"project":26,"updated_by":18,"comment_authors":[]},{"id":9599,"annotations":[{"id":251,"completed_by":18,"result":[{"value":{"choices":["3-Többé\/kevésbé megértem"]},"id":"U3QGtr6zGJ","from_name":"sentiment","to_name":"text","type":"choices","origin":"manual"}],"was_cancelled":false,"ground_truth":false,"created_at":"2025-10-16T13:32:30.327110Z","updated_at":"2025-10-16T13:32:30.327120Z","draft_created_at":null,"lead_time":42.156,"prediction":{},"result_count":1,"unique_id":"d7114264-e6b5-488e-8c5b-edaff631ad7a","import_id":null,"last_action":null,"bulk_created":false,"task":9599,"project":26,"updated_by":18,"parent_prediction":null,"parent_annotation":null,"last_created_by":null}],"file_upload":"7b6b1bd6-libri_aszf.txt","drafts":[],"predictions":[],"data":{"text":"A szerződés nyelve magyar. A megrendelés interneten kötött, de nem aláírt szerződésnek minősül, melynek tartalma iktatásra, archiválásra kerül, és utólagosan hozzáférhető, visszakereshető. Az iktatási szám minden esetben a megrendelés azonosítószáma. A szerződés megkötésére, létrejöttére és teljesítésére a magyar jog szabályai az irányadóak."},"meta":{},"created_at":"2025-10-16T13:15:50.980394Z","updated_at":"2025-10-16T13:32:30.352772Z","inner_id":19,"total_annotations":1,"cancelled_annotations":0,"total_predictions":0,"comment_count":0,"unresolved_comment_count":0,"last_comment_updated_at":null,"project":26,"updated_by":18,"comment_authors":[]},{"id":9600,"annotations":[{"id":253,"completed_by":18,"result":[{"value":{"choices":["1-Nagyon nehezen érthető"]},"id":"ZB-AvN33Xu","from_name":"sentiment","to_name":"text","type":"choices","origin":"manual"}],"was_cancelled":false,"ground_truth":false,"created_at":"2025-10-16T13:32:41.656932Z","updated_at":"2025-10-16T13:32:41.656943Z","draft_created_at":null,"lead_time":9.244,"prediction":{},"result_count":1,"unique_id":"350dc7fe-c9ef-45e7-aa29-d678d576ee0d","import_id":null,"last_action":null,"bulk_created":false,"task":9600,"project":26,"updated_by":18,"parent_prediction":null,"parent_annotation":null,"last_created_by":null}],"file_upload":"7b6b1bd6-libri_aszf.txt","drafts":[],"predictions":[],"data":{"text":"Általános forgalmi adó: A libri.hu oldalon megadott árak forintban értendők, a belföldön (Magyarországon alkalmazandó) Áfát tartalmazzák. A fogyasztó által megvásárolt terméket a hatályos jogszabályok szerint alkalmazandó általános forgalmi adó terheli. Ha a fogyasztó (nem áfaalany fogyasztó, azaz jellemzően magánszemély) által a libri.hu oldalon megadott szállítási cím (a teljesítés helye) az Európai Közösség Magyarországon kívüli valamely más tagországa, a szállítási cím (teljesítés helye) szerinti általános forgalmi adó kerül felszámításra, és ennek megfelelő ár fizetendő, amely a rendelés folyamatában, de a tényleges megrendelés megtétele előtt, a kosárleírásban, vagy az összesítésben kerül feltüntetésre a Közösségen belüli távértékesítés szabályai szerint. Az Európai Közösségben alkalmazandó ÁFA-kulcsok az alábbi linken tekinthetőek meg: https:\/\/www.libri.hu\/Afakulcsok. Használt ingóság, régiség és antikvár könyvek esetén a teljesítés helyétől függetlenül (így az Európai Közösség Magyarországon kívüli országaiba történő teljesítés esetén is) az Áfa tv. értelmében az árrés adózás szabályai szerinti különbözeti áfa kerül felszámításra"},"meta":{},"created_at":"2025-10-16T13:15:50.980432Z","updated_at":"2025-10-16T13:32:41.684443Z","inner_id":20,"total_annotations":1,"cancelled_annotations":0,"total_predictions":0,"comment_count":0,"unresolved_comment_count":0,"last_comment_updated_at":null,"project":26,"updated_by":18,"comment_authors":[]},{"id":9601,"annotations":[{"id":256,"completed_by":18,"result":[{"value":{"choices":["3-Többé\/kevésbé megértem"]},"id":"7lET3LkIDd","from_name":"sentiment","to_name":"text","type":"choices","origin":"manual"}],"was_cancelled":false,"ground_truth":false,"created_at":"2025-10-16T13:33:01.701312Z","updated_at":"2025-10-16T13:33:01.701323Z","draft_created_at":null,"lead_time":17.657,"prediction":{},"result_count":1,"unique_id":"19fd2cb3-8790-4d53-9c25-89981dee6e6e","import_id":null,"last_action":null,"bulk_created":false,"task":9601,"project":26,"updated_by":18,"parent_prediction":null,"parent_annotation":null,"last_created_by":null}],"file_upload":"7b6b1bd6-libri_aszf.txt","drafts":[],"predictions":[],"data":{"text":"Bankkártyás fizetés esetén a vásárlás minden esetben forintban történik, a vételár jóváírására forintban kerül sor. Nem forintban vezetett bankszámlához vagy hitelszámlához tartozó kártyával történő fizetés esetén az online bankkártyás fizetés során a más devizából forintra váltást a Felhasználó kártyakibocsájtó bankja végzi el, az általa meghatározott\/biztosított árfolyamon, ez bankonként eltérő lehet."},"meta":{},"created_at":"2025-10-16T13:15:50.980468Z","updated_at":"2025-10-16T13:33:01.727176Z","inner_id":21,"total_annotations":1,"cancelled_annotations":0,"total_predictions":0,"comment_count":0,"unresolved_comment_count":0,"last_comment_updated_at":null,"project":26,"updated_by":18,"comment_authors":[]}]