[{"id":1,"annotations":[{"id":1,"completed_by":1,"result":[{"value":{"choices":["4-Érthető"]},"id":"hOtKm4-2uo","from_name":"sentiment","to_name":"text","type":"choices","origin":"manual"}],"was_cancelled":false,"ground_truth":false,"created_at":"2025-10-16T12:42:48.894715Z","updated_at":"2025-10-16T12:42:48.894740Z","draft_created_at":null,"lead_time":22.636,"prediction":{},"result_count":1,"unique_id":"bdfe9f94-45d6-4a6a-aabb-7e683e763fbe","import_id":null,"last_action":null,"bulk_created":false,"task":1,"project":1,"updated_by":1,"parent_prediction":null,"parent_annotation":null,"last_created_by":null}],"file_upload":"edb04f40-otp_aszf.txt","drafts":[],"predictions":[],"data":{"text":"2. Ügyfélnek tekintendő az a természetes személy, jogi személy vagy jogi személyiséggel nem rendelkező szervezet, akinek az OTP Bank Nyrt. pénzügyi szolgáltatást (ideértve a kiegészítő pénzügyi szolgáltatást is) nyújt, vagy aki az OTP Bank Nyrt. befektetési szolgáltatási tevékenységét (ideértve a kiegészítő szolgáltatását is), vagy a vonatkozó jogszabályok alapján az OTP Bank Nyrt. által nyújtható egyéb szolgáltatását igénybe veszi, illetve aki ilyen szolgáltatás nyújtását kéri az OTP Bank Nyrt.-től."},"meta":{},"created_at":"2025-10-16T12:38:48.314221Z","updated_at":"2025-10-16T12:42:49.127286Z","inner_id":1,"total_annotations":1,"cancelled_annotations":0,"total_predictions":0,"comment_count":0,"unresolved_comment_count":0,"last_comment_updated_at":null,"project":1,"updated_by":1,"comment_authors":[]},{"id":2,"annotations":[{"id":2,"completed_by":1,"result":[{"value":{"choices":["4-Érthető"]},"id":"-nEDUYRf_V","from_name":"sentiment","to_name":"text","type":"choices","origin":"manual"}],"was_cancelled":false,"ground_truth":false,"created_at":"2025-10-16T12:43:25.811676Z","updated_at":"2025-10-16T12:43:25.811698Z","draft_created_at":null,"lead_time":30.768,"prediction":{},"result_count":1,"unique_id":"9f8f4886-3fe3-4b48-a004-9c977aef05e6","import_id":null,"last_action":null,"bulk_created":false,"task":2,"project":1,"updated_by":1,"parent_prediction":null,"parent_annotation":null,"last_created_by":null}],"file_upload":"edb04f40-otp_aszf.txt","drafts":[],"predictions":[],"data":{"text":"4. Az OTP Bank Nyrt. az Üzletszabályzatban foglalt jogait és kötelezettségeit mindenkor a hatályos jogszabályok eltérést nem engedő rendelkezéseinek keretei között gyakorolja és teljesíti, az Üzletszabályzat bármely rendelkezése ennek megfelelően értelmezendő."},"meta":{},"created_at":"2025-10-16T12:38:48.314314Z","updated_at":"2025-10-16T12:43:26.017770Z","inner_id":2,"total_annotations":1,"cancelled_annotations":0,"total_predictions":0,"comment_count":0,"unresolved_comment_count":0,"last_comment_updated_at":null,"project":1,"updated_by":1,"comment_authors":[]},{"id":3,"annotations":[{"id":3,"completed_by":1,"result":[{"value":{"choices":["5-Könnyen érthető"]},"id":"NMKpf1vGNd","from_name":"sentiment","to_name":"text","type":"choices","origin":"manual"}],"was_cancelled":false,"ground_truth":false,"created_at":"2025-10-16T12:43:34.357578Z","updated_at":"2025-10-16T12:43:34.357612Z","draft_created_at":null,"lead_time":7.257,"prediction":{},"result_count":1,"unique_id":"22283fc8-e8ed-4936-8834-6946c537036d","import_id":null,"last_action":null,"bulk_created":false,"task":3,"project":1,"updated_by":1,"parent_prediction":null,"parent_annotation":null,"last_created_by":null}],"file_upload":"edb04f40-otp_aszf.txt","drafts":[],"predictions":[],"data":{"text":"6. Amennyiben az OTP Bank Nyrt. valamely szolgáltatását megszünteti, az ezen szolgáltatásra az Ügyféllel kötött szerződést 30 napos felmondási idővel jogosult megszüntetni."},"meta":{},"created_at":"2025-10-16T12:38:48.314368Z","updated_at":"2025-10-16T12:43:34.549798Z","inner_id":3,"total_annotations":1,"cancelled_annotations":0,"total_predictions":0,"comment_count":0,"unresolved_comment_count":0,"last_comment_updated_at":null,"project":1,"updated_by":1,"comment_authors":[]},{"id":4,"annotations":[{"id":4,"completed_by":1,"result":[{"value":{"choices":["5-Könnyen érthető"]},"id":"T6DcU0xi-m","from_name":"sentiment","to_name":"text","type":"choices","origin":"manual"}],"was_cancelled":false,"ground_truth":false,"created_at":"2025-10-16T12:43:45.059690Z","updated_at":"2025-10-16T12:43:45.059714Z","draft_created_at":null,"lead_time":9.926,"prediction":{},"result_count":1,"unique_id":"0a3817c6-aada-4d31-9f21-26df4473ecc6","import_id":null,"last_action":null,"bulk_created":false,"task":4,"project":1,"updated_by":1,"parent_prediction":null,"parent_annotation":null,"last_created_by":null}],"file_upload":"edb04f40-otp_aszf.txt","drafts":[],"predictions":[],"data":{"text":"1. Az OTP Bank Nyrt. jogosult meggyőződni az Ügyfél, illetőleg képviselője személyazonosságáról. E célból kérheti, hogy az Ügyfél vagy képviselője személyazonosságát hitelt érdemlően igazolja."},"meta":{},"created_at":"2025-10-16T12:38:48.314416Z","updated_at":"2025-10-16T12:43:45.279697Z","inner_id":4,"total_annotations":1,"cancelled_annotations":0,"total_predictions":0,"comment_count":0,"unresolved_comment_count":0,"last_comment_updated_at":null,"project":1,"updated_by":1,"comment_authors":[]},{"id":5,"annotations":[{"id":5,"completed_by":1,"result":[{"value":{"choices":["5-Könnyen érthető"]},"id":"9R8P332SYg","from_name":"sentiment","to_name":"text","type":"choices","origin":"manual"}],"was_cancelled":false,"ground_truth":false,"created_at":"2025-10-16T12:43:53.378421Z","updated_at":"2025-10-16T12:43:53.378455Z","draft_created_at":null,"lead_time":7.455,"prediction":{},"result_count":1,"unique_id":"3c14de08-69c4-4e8d-8aec-c46854655b1c","import_id":null,"last_action":null,"bulk_created":false,"task":5,"project":1,"updated_by":1,"parent_prediction":null,"parent_annotation":null,"last_created_by":null}],"file_upload":"edb04f40-otp_aszf.txt","drafts":[],"predictions":[],"data":{"text":"2. Az OTP Bank Nyrt. a pénzmosás és a terrorizmus finanszírozása megelőzéséről és megakadályozásáról szóló jogszabály szerinti ügyfél-azonosítás rendjéről hirdetményben tájékoztatja Ügyfeleit."},"meta":{},"created_at":"2025-10-16T12:38:48.314461Z","updated_at":"2025-10-16T12:43:53.593013Z","inner_id":5,"total_annotations":1,"cancelled_annotations":0,"total_predictions":0,"comment_count":0,"unresolved_comment_count":0,"last_comment_updated_at":null,"project":1,"updated_by":1,"comment_authors":[]},{"id":6,"annotations":[{"id":6,"completed_by":1,"result":[{"value":{"choices":["3-Többé\/kevésbé megértem"]},"id":"PdBwLzZn5R","from_name":"sentiment","to_name":"text","type":"choices","origin":"manual"}],"was_cancelled":false,"ground_truth":false,"created_at":"2025-10-16T12:44:06.341254Z","updated_at":"2025-10-16T12:44:06.341277Z","draft_created_at":null,"lead_time":12.158,"prediction":{},"result_count":1,"unique_id":"888a194f-f496-4603-8bd9-0a23840889df","import_id":null,"last_action":null,"bulk_created":false,"task":6,"project":1,"updated_by":1,"parent_prediction":null,"parent_annotation":null,"last_created_by":null}],"file_upload":"edb04f40-otp_aszf.txt","drafts":[],"predictions":[],"data":{"text":"3. Az OTP Bank Nyrt. - a telefonos csatornán, illetve az OTP Bank Nyrt. honlapján elérhető OTP Chat szolgáltatásban - a mindenkori Soft azonosítás keretében elérhető szolgáltatások köréről szóló Hirdetményekben meghatározott banki és egyéb műveletek lebonyolítását vállalja."},"meta":{},"created_at":"2025-10-16T12:38:48.314508Z","updated_at":"2025-10-16T12:44:06.556407Z","inner_id":6,"total_annotations":1,"cancelled_annotations":0,"total_predictions":0,"comment_count":0,"unresolved_comment_count":0,"last_comment_updated_at":null,"project":1,"updated_by":1,"comment_authors":[]},{"id":7,"annotations":[{"id":7,"completed_by":1,"result":[{"value":{"choices":["1-Nagyon nehezen érthető"]},"id":"rs5-xwtcQY","from_name":"sentiment","to_name":"text","type":"choices","origin":"manual"}],"was_cancelled":false,"ground_truth":false,"created_at":"2025-10-16T12:44:27.718629Z","updated_at":"2025-10-16T12:44:27.718658Z","draft_created_at":null,"lead_time":20.347,"prediction":{},"result_count":1,"unique_id":"6c5d9f26-ee73-4194-9997-385f847d779e","import_id":null,"last_action":null,"bulk_created":false,"task":7,"project":1,"updated_by":1,"parent_prediction":null,"parent_annotation":null,"last_created_by":null}],"file_upload":"edb04f40-otp_aszf.txt","drafts":[],"predictions":[],"data":{"text":"5. Az OTP Bank Nyrt. jogosult meggyőződni az Ügyfél képviselőjének képviseleti jogáról. E célból kérheti, hogy az Ügyfél képviselője képviseleti jogát hitelt érdemlően igazolja. Az OTP Bank Nyrt. a hozzá bejelentett képviselőket mindaddig az Ügyfél képviselőjének tekinti, amíg a képviseleti jog visszavonásáról vagy annak egyéb módon történő megszűnéséről szóló írásbeli értesítés az OTP Bank Nyrt. megfelelő szervéhez be nem érkezik. Amennyiben a képviseleti jogot igazoló okiratból kétséget kizáróan ki nem tűnik, úgy a képviselő képviseleti jogának korlátozása – jogszabály ellenkező rendelkezése hiányában – az OTP Bank Nyrt.-vel szemben hatálytalan."},"meta":{},"created_at":"2025-10-16T12:38:48.314556Z","updated_at":"2025-10-16T12:44:27.919782Z","inner_id":7,"total_annotations":1,"cancelled_annotations":0,"total_predictions":0,"comment_count":0,"unresolved_comment_count":0,"last_comment_updated_at":null,"project":1,"updated_by":1,"comment_authors":[]},{"id":8,"annotations":[{"id":8,"completed_by":1,"result":[{"value":{"choices":["2-Nehezen érthető"]},"id":"Iy2BB2wFzp","from_name":"sentiment","to_name":"text","type":"choices","origin":"manual"}],"was_cancelled":false,"ground_truth":false,"created_at":"2025-10-16T12:44:50.550514Z","updated_at":"2025-10-16T12:44:50.550539Z","draft_created_at":null,"lead_time":22.074,"prediction":{},"result_count":1,"unique_id":"7f381de0-99c0-4349-9d96-3da77e53d6bd","import_id":null,"last_action":null,"bulk_created":false,"task":8,"project":1,"updated_by":1,"parent_prediction":null,"parent_annotation":null,"last_created_by":null}],"file_upload":"edb04f40-otp_aszf.txt","drafts":[],"predictions":[],"data":{"text":"8. Az OTP Bank Nyrt. a nem Magyarország területén, és nem Magyarország joghatósága alatt készült meghatalmazást a III.8-9. pontban meghatározott formában fogad el. Az OTP Bank Nyrt. a külügyekért felelős miniszter által arra felhatalmazott konzul készítette konzuli tanúsítványt, valamint az arra felhatalmazott tiszteletbeli konzul által készített konzuli tanúsítványt Magyarország területén kiállított okiratnak tekinti."},"meta":{},"created_at":"2025-10-16T12:38:48.314602Z","updated_at":"2025-10-16T12:44:50.750072Z","inner_id":8,"total_annotations":1,"cancelled_annotations":0,"total_predictions":0,"comment_count":0,"unresolved_comment_count":0,"last_comment_updated_at":null,"project":1,"updated_by":1,"comment_authors":[]},{"id":9,"annotations":[{"id":9,"completed_by":1,"result":[{"value":{"choices":["4-Érthető"]},"id":"P11SWcALsQ","from_name":"sentiment","to_name":"text","type":"choices","origin":"manual"}],"was_cancelled":false,"ground_truth":false,"created_at":"2025-10-16T12:45:11.715821Z","updated_at":"2025-10-16T12:45:11.715844Z","draft_created_at":null,"lead_time":20.386,"prediction":{},"result_count":1,"unique_id":"a77c55e3-4705-4942-8440-c280835efe8e","import_id":null,"last_action":null,"bulk_created":false,"task":9,"project":1,"updated_by":1,"parent_prediction":null,"parent_annotation":null,"last_created_by":null}],"file_upload":"edb04f40-otp_aszf.txt","drafts":[],"predictions":[],"data":{"text":"13. A pénzügyi és egyéb szolgáltatók azonosítási feladatához kapcsolódó adatszolgáltatási háttér megteremtéséről és működtetéséről szóló 2021. évi XLIII. törvényben (a továbbiakban: Afad tv.) foglaltak alapján az OTP Bank Nyrt. a nyilvántartó szerv Afad tv. 14. § (1) bekezdés szerinti közzététele alapján megtagadja a „megbízhatatlan” minősítésű tényleges tulajdonosi adatokkal rendelkező adatszolgáltató által kezdeményezett, négymillió-ötszázezer forintot elérő összegű ügylet teljesítését."},"meta":{},"created_at":"2025-10-16T12:38:48.314647Z","updated_at":"2025-10-16T12:45:11.924708Z","inner_id":9,"total_annotations":1,"cancelled_annotations":0,"total_predictions":0,"comment_count":0,"unresolved_comment_count":0,"last_comment_updated_at":null,"project":1,"updated_by":1,"comment_authors":[]},{"id":10,"annotations":[{"id":10,"completed_by":1,"result":[{"value":{"choices":["3-Többé\/kevésbé megértem"]},"id":"T5kjw_2t_8","from_name":"sentiment","to_name":"text","type":"choices","origin":"manual"}],"was_cancelled":false,"ground_truth":false,"created_at":"2025-10-16T12:45:29.752097Z","updated_at":"2025-10-16T12:45:29.752119Z","draft_created_at":null,"lead_time":17.245,"prediction":{},"result_count":1,"unique_id":"3c422dc1-359d-42a0-99e7-6383d3e44262","import_id":null,"last_action":null,"bulk_created":false,"task":10,"project":1,"updated_by":1,"parent_prediction":null,"parent_annotation":null,"last_created_by":null}],"file_upload":"edb04f40-otp_aszf.txt","drafts":[],"predictions":[],"data":{"text":"1. Az OTP Bank Nyrt. és az Ügyfél szerződéses kapcsolataikban megfelelően együttműködnek és így a bankügylet szempontjából jelentős tényekről, azok változásáról egymást késedelem nélkül értesítik. Az OTP Bank Nyrt. az együttműködés és a tájékoztatás során az olyan Ügyfél magatartását veszi alapul, aki észszerűen tájékozottan, az adott helyzetben általában elvárható figyelmességgel és körültekintéssel jár el."},"meta":{},"created_at":"2025-10-16T12:38:48.314692Z","updated_at":"2025-10-16T12:45:29.964481Z","inner_id":10,"total_annotations":1,"cancelled_annotations":0,"total_predictions":0,"comment_count":0,"unresolved_comment_count":0,"last_comment_updated_at":null,"project":1,"updated_by":1,"comment_authors":[]},{"id":11,"annotations":[{"id":11,"completed_by":1,"result":[{"value":{"choices":["5-Könnyen érthető"]},"id":"xNlG4vZx3z","from_name":"sentiment","to_name":"text","type":"choices","origin":"manual"}],"was_cancelled":false,"ground_truth":false,"created_at":"2025-10-16T12:45:41.148486Z","updated_at":"2025-10-16T12:45:41.148514Z","draft_created_at":null,"lead_time":10.565,"prediction":{},"result_count":1,"unique_id":"5dabdbce-4d0c-41ce-a683-93f21477c7b9","import_id":null,"last_action":null,"bulk_created":false,"task":11,"project":1,"updated_by":1,"parent_prediction":null,"parent_annotation":null,"last_created_by":null}],"file_upload":"edb04f40-otp_aszf.txt","drafts":[],"predictions":[],"data":{"text":"2. Az ügylettel összefüggő egymáshoz intézett kérdésekre kötelesek legkésőbb 30 napon belül választ adni, és felhívni egymás figyelmét az esetleges tévedésekre, mulasztásokra."},"meta":{},"created_at":"2025-10-16T12:38:48.314735Z","updated_at":"2025-10-16T12:45:41.366430Z","inner_id":11,"total_annotations":1,"cancelled_annotations":0,"total_predictions":0,"comment_count":0,"unresolved_comment_count":0,"last_comment_updated_at":null,"project":1,"updated_by":1,"comment_authors":[]},{"id":12,"annotations":[{"id":12,"completed_by":1,"result":[{"value":{"choices":["5-Könnyen érthető"]},"id":"cqFZue98it","from_name":"sentiment","to_name":"text","type":"choices","origin":"manual"}],"was_cancelled":false,"ground_truth":false,"created_at":"2025-10-16T12:46:00.782773Z","updated_at":"2025-10-16T12:46:00.782795Z","draft_created_at":null,"lead_time":18.83,"prediction":{},"result_count":1,"unique_id":"9045ac64-f3ce-4a24-ad72-8a1b8f7864a6","import_id":null,"last_action":null,"bulk_created":false,"task":12,"project":1,"updated_by":1,"parent_prediction":null,"parent_annotation":null,"last_created_by":null}],"file_upload":"edb04f40-otp_aszf.txt","drafts":[],"predictions":[],"data":{"text":"3. Az OTP Bank Nyrt. bármilyen jog vagy tény fennállását igazoló okirat esetében kérheti 30 (harminc) napnál nem régebbi keltezésű eredeti példány rendelkezésre bocsátását."},"meta":{},"created_at":"2025-10-16T12:38:48.314777Z","updated_at":"2025-10-16T12:46:00.993361Z","inner_id":12,"total_annotations":1,"cancelled_annotations":0,"total_predictions":0,"comment_count":0,"unresolved_comment_count":0,"last_comment_updated_at":null,"project":1,"updated_by":1,"comment_authors":[]},{"id":13,"annotations":[{"id":13,"completed_by":1,"result":[{"value":{"choices":["3-Többé\/kevésbé megértem"]},"id":"OLXH5PX522","from_name":"sentiment","to_name":"text","type":"choices","origin":"manual"}],"was_cancelled":false,"ground_truth":false,"created_at":"2025-10-16T12:46:14.867308Z","updated_at":"2025-10-16T12:46:14.867331Z","draft_created_at":null,"lead_time":13.301,"prediction":{},"result_count":1,"unique_id":"d6f8f121-8ba7-4775-a55a-5bfec6248e39","import_id":null,"last_action":null,"bulk_created":false,"task":13,"project":1,"updated_by":1,"parent_prediction":null,"parent_annotation":null,"last_created_by":null}],"file_upload":"edb04f40-otp_aszf.txt","drafts":[],"predictions":[],"data":{"text":"4. Az OTP Bank Nyrt. hatósági igazolványt és hatósági bizonyítványt az abban foglalt érvényességi idő lejártának napjáig fogad el. Amennyiben az adott ügyletre vonatkozó szerződés, üzletági üzletszabályzat vagy az Üzletszabályzat kifejezetten eltérően nem rendelkezik, érvényességi időt nem tartalmazó hatósági bizonyítványt az OTP Bank Nyrt. kizárólag 30 (harminc) napnál nem régebbi keltezéssel fogad el."},"meta":{},"created_at":"2025-10-16T12:38:48.314849Z","updated_at":"2025-10-16T12:46:15.076750Z","inner_id":13,"total_annotations":1,"cancelled_annotations":0,"total_predictions":0,"comment_count":0,"unresolved_comment_count":0,"last_comment_updated_at":null,"project":1,"updated_by":1,"comment_authors":[]},{"id":14,"annotations":[{"id":14,"completed_by":1,"result":[{"value":{"choices":["2-Nehezen érthető"]},"id":"gkOvp7y-uo","from_name":"sentiment","to_name":"text","type":"choices","origin":"manual"}],"was_cancelled":false,"ground_truth":false,"created_at":"2025-10-16T12:46:39.962646Z","updated_at":"2025-10-16T12:46:39.962671Z","draft_created_at":null,"lead_time":24.247,"prediction":{},"result_count":1,"unique_id":"62b6489a-42e3-4147-b22b-023eab2f1c01","import_id":null,"last_action":null,"bulk_created":false,"task":14,"project":1,"updated_by":1,"parent_prediction":null,"parent_annotation":null,"last_created_by":null}],"file_upload":"edb04f40-otp_aszf.txt","drafts":[],"predictions":[],"data":{"text":"6. Amennyiben az adott ügyletre vonatkozó szerződés, üzletági üzletszabályzat vagy az Üzletszabályzat kifejezetten eltérően nem rendelkezik, akkor okiraton, nyilatkozaton, értesítésen papír alapú okiratot kell érteni. Az OTP Bank Nyrt. elektronikus okiratot a jogszabályok által előírt körben és a vonatkozó üzletági üzletszabályzatban, egyedi szerződésben meghatározott módon fogad el."},"meta":{},"created_at":"2025-10-16T12:38:48.314898Z","updated_at":"2025-10-16T12:46:40.174246Z","inner_id":14,"total_annotations":1,"cancelled_annotations":0,"total_predictions":0,"comment_count":0,"unresolved_comment_count":0,"last_comment_updated_at":null,"project":1,"updated_by":1,"comment_authors":[]},{"id":15,"annotations":[{"id":15,"completed_by":1,"result":[{"value":{"choices":["1-Nagyon nehezen érthető"]},"id":"458-5NOyBt","from_name":"sentiment","to_name":"text","type":"choices","origin":"manual"}],"was_cancelled":false,"ground_truth":false,"created_at":"2025-10-16T12:47:01.082452Z","updated_at":"2025-10-16T12:47:01.082476Z","draft_created_at":null,"lead_time":20.337,"prediction":{},"result_count":1,"unique_id":"96b01665-1373-4553-ad8f-57aae5619bf3","import_id":null,"last_action":null,"bulk_created":false,"task":15,"project":1,"updated_by":1,"parent_prediction":null,"parent_annotation":null,"last_created_by":null}],"file_upload":"edb04f40-otp_aszf.txt","drafts":[],"predictions":[],"data":{"text":"8. Az OTP Bank Nyrt. nem Magyarország területén, illetve nem Magyarország joghatósága alatt kiállított közokiratot - nemzetközi szerződés eltérő rendelkezése hiányában – kizárólag diplomáciai felülhitelesítéssel ellátott vagy a külföldön felhasználásra kerülő közokiratok diplomáciai vagy konzuli hitelesítésének (felülhitelesítésének) mellőzéséről Hágában, az 1961. október 5. napján kelt egyezmény kihirdetéséről szóló 1973. évi 11. törvényerejű rendelet szabályai szerinti Apostille-záradékkal ellátott formában fogad el."},"meta":{},"created_at":"2025-10-16T12:38:48.314944Z","updated_at":"2025-10-16T12:47:01.304103Z","inner_id":15,"total_annotations":1,"cancelled_annotations":0,"total_predictions":0,"comment_count":0,"unresolved_comment_count":0,"last_comment_updated_at":null,"project":1,"updated_by":1,"comment_authors":[]},{"id":16,"annotations":[{"id":16,"completed_by":1,"result":[{"value":{"choices":["1-Nagyon nehezen érthető"]},"id":"8k2sj-3pD1","from_name":"sentiment","to_name":"text","type":"choices","origin":"manual"}],"was_cancelled":false,"ground_truth":false,"created_at":"2025-10-16T12:47:24.135269Z","updated_at":"2025-10-16T12:47:24.135293Z","draft_created_at":null,"lead_time":22.183,"prediction":{},"result_count":1,"unique_id":"1559db91-20ef-4b94-9698-a608acb30673","import_id":null,"last_action":null,"bulk_created":false,"task":16,"project":1,"updated_by":1,"parent_prediction":null,"parent_annotation":null,"last_created_by":null}],"file_upload":"edb04f40-otp_aszf.txt","drafts":[],"predictions":[],"data":{"text":"9. Amennyiben nemzetközi szerződés a külföldön kiállított okiratnak a 8. pontban meghatározottól eltérő formában való elfogadását írja elő, úgy a nemzetközi szerződés fennállását, hatályát és tartalmát az OTP Bank Nyrt. – az Ügyfél közreműködésével – vizsgálja. Ennek keretében az Ügyfelet az OTP Bank Nyrt. felkérheti az Ügyfél által hivatkozott nemzetközi szerződés megjelölésére, annak igazolására, hogy a nemzetközi szerződés személyi, tárgyi és időbeli hatálya az ügyben alkalmazandó, valamint annak közlésére, hogy mely okirati körre vonatkozóan írja elő a nemzetközi szerződés a 8. pontban meghatározottaktól eltérő okirati forma elfogadását."},"meta":{},"created_at":"2025-10-16T12:38:48.314991Z","updated_at":"2025-10-16T12:47:24.352359Z","inner_id":16,"total_annotations":1,"cancelled_annotations":0,"total_predictions":0,"comment_count":0,"unresolved_comment_count":0,"last_comment_updated_at":null,"project":1,"updated_by":1,"comment_authors":[]},{"id":17,"annotations":[{"id":17,"completed_by":1,"result":[{"value":{"choices":["4-Érthető"]},"id":"Jj-zx1MG7m","from_name":"sentiment","to_name":"text","type":"choices","origin":"manual"}],"was_cancelled":false,"ground_truth":false,"created_at":"2025-10-16T12:47:51.141691Z","updated_at":"2025-10-16T12:47:51.141736Z","draft_created_at":null,"lead_time":26.165,"prediction":{},"result_count":1,"unique_id":"8c1e1239-fe17-411c-acc0-fe31c8df731f","import_id":null,"last_action":null,"bulk_created":false,"task":17,"project":1,"updated_by":1,"parent_prediction":null,"parent_annotation":null,"last_created_by":null}],"file_upload":"edb04f40-otp_aszf.txt","drafts":[],"predictions":[],"data":{"text":"10. Nem magyar nyelven kiállított okirat esetében az OTP Bank Nyrt. jogosult az Ügyféltől az okiratról az Országos Fordító és Fordításhitelesítő Iroda (OFFI), vagy magyarországi szakfordító, vagy szakfordító-lektor által készített hiteles fordítást kérni, amelynek költségei az Ügyfelet terhelik. A szakfordítótól és szakfordító lektortól származó fordítás esetén csatolni kell a szakfordítói és tolmácsi képesítést igazoló okmány másolatát."},"meta":{},"created_at":"2025-10-16T12:38:48.315035Z","updated_at":"2025-10-16T12:47:51.353967Z","inner_id":17,"total_annotations":1,"cancelled_annotations":0,"total_predictions":0,"comment_count":0,"unresolved_comment_count":0,"last_comment_updated_at":null,"project":1,"updated_by":1,"comment_authors":[]},{"id":18,"annotations":[{"id":18,"completed_by":1,"result":[{"value":{"choices":["1-Nagyon nehezen érthető"]},"id":"XKhE6sJ8Sf","from_name":"sentiment","to_name":"text","type":"choices","origin":"manual"}],"was_cancelled":false,"ground_truth":false,"created_at":"2025-10-16T12:48:25.539014Z","updated_at":"2025-10-16T12:48:25.539048Z","draft_created_at":null,"lead_time":33.428,"prediction":{},"result_count":1,"unique_id":"2c909443-b487-4457-947d-8a1015c7dc2b","import_id":null,"last_action":null,"bulk_created":false,"task":18,"project":1,"updated_by":1,"parent_prediction":null,"parent_annotation":null,"last_created_by":null}],"file_upload":"edb04f40-otp_aszf.txt","drafts":[],"predictions":[],"data":{"text":"11. Írni nem tudó vagy nem képes személy írásbeli jognyilatkozata abban az esetben érvényes, ha azt közokirat vagy olyan teljes bizonyító erejű magánokirat tartalmazza, amelyen a nyilatkozó fél aláírását vagy kézjegyét bíróság vagy közjegyző hitelesíti, vagy amelyen ügyvéd ellenjegyzéssel vagy két tanú aláírással igazolja, hogy a nyilatkozó fél a nem általa írt okiratot előttük írta alá vagy látta el kézjegyével, vagy az okiraton lévő aláírást vagy kézjegyet előttük saját aláírásának vagy kézjegyének ismerte el. Az olvasni nem tudó, továbbá az olyan személy esetén, aki nem érti azt a nyelvet, amelyen az írásbeli nyilatkozatát tartalmazó okirat készült, az írásbeli jognyilatkozat érvényességének további feltétele, hogy magából az okiratból kitűnjön, hogy annak tartalmát a tanúk egyike vagy a hitelesítő személy a nyilatkozó félnek megmagyarázta."},"meta":{},"created_at":"2025-10-16T12:38:48.315082Z","updated_at":"2025-10-16T12:48:25.757297Z","inner_id":18,"total_annotations":1,"cancelled_annotations":0,"total_predictions":0,"comment_count":0,"unresolved_comment_count":0,"last_comment_updated_at":null,"project":1,"updated_by":1,"comment_authors":[]},{"id":19,"annotations":[{"id":19,"completed_by":1,"result":[{"value":{"choices":["1-Nagyon nehezen érthető"]},"id":"hjMIVryqUT","from_name":"sentiment","to_name":"text","type":"choices","origin":"manual"}],"was_cancelled":false,"ground_truth":false,"created_at":"2025-10-16T12:49:23.719713Z","updated_at":"2025-10-16T12:49:23.719737Z","draft_created_at":null,"lead_time":57.378,"prediction":{},"result_count":1,"unique_id":"91154571-7ccb-4db6-9894-05bbf285c0d6","import_id":null,"last_action":null,"bulk_created":false,"task":19,"project":1,"updated_by":1,"parent_prediction":null,"parent_annotation":null,"last_created_by":null}],"file_upload":"edb04f40-otp_aszf.txt","drafts":[],"predictions":[],"data":{"text":"18. Az OTP Bank Nyrt. egyes, jogszabály által eltérő formához nem kötött, kötelezettségvállalással nem járó jognyilatkozatait a nyilatkozat megtételére jogosultak szkennelt aláírásainak dokumentumon történő elhelyezésével teszi meg."},"meta":{},"created_at":"2025-10-16T12:38:48.315124Z","updated_at":"2025-10-16T12:49:23.918578Z","inner_id":19,"total_annotations":1,"cancelled_annotations":0,"total_predictions":0,"comment_count":0,"unresolved_comment_count":0,"last_comment_updated_at":null,"project":1,"updated_by":1,"comment_authors":[]},{"id":20,"annotations":[{"id":20,"completed_by":1,"result":[{"value":{"choices":["3-Többé\/kevésbé megértem"]},"id":"HTHyzc0Y4L","from_name":"sentiment","to_name":"text","type":"choices","origin":"manual"}],"was_cancelled":false,"ground_truth":false,"created_at":"2025-10-16T12:49:49.394685Z","updated_at":"2025-10-16T12:49:49.394709Z","draft_created_at":null,"lead_time":24.88,"prediction":{},"result_count":1,"unique_id":"db1d0835-277a-42f5-a5ef-6b76bef0025f","import_id":null,"last_action":null,"bulk_created":false,"task":20,"project":1,"updated_by":1,"parent_prediction":null,"parent_annotation":null,"last_created_by":null}],"file_upload":"edb04f40-otp_aszf.txt","drafts":[],"predictions":[],"data":{"text":"21. Az OTP Bank Nyrt. a halál tényéről történő, hitelt érdemlő tudomásszerzést követően a képviselő rendelkezését nem teljesíti. Az Ügyfél elhalálozásának tényéről való tudomásszerzést megelőzően, de az Ügyfél halálát követően, a képviselő által kezdeményezett bármely rendelkezésnek az OTP Bank Nyrt. általi teljesítésével összefüggő minden költség, kár, illetve egyéb kötelezettség, jogkövetkezmény az örökösöket és a képviselőt terheli, azért az OTP Bank Nyrt. felelősséget nem vállal."},"meta":{},"created_at":"2025-10-16T12:38:48.315167Z","updated_at":"2025-10-16T12:49:49.599385Z","inner_id":20,"total_annotations":1,"cancelled_annotations":0,"total_predictions":0,"comment_count":0,"unresolved_comment_count":0,"last_comment_updated_at":null,"project":1,"updated_by":1,"comment_authors":[]},{"id":21,"annotations":[{"id":21,"completed_by":1,"result":[{"value":{"choices":["5-Könnyen érthető"]},"id":"Snt8TfaQIP","from_name":"sentiment","to_name":"text","type":"choices","origin":"manual"}],"was_cancelled":false,"ground_truth":false,"created_at":"2025-10-16T12:50:27.045716Z","updated_at":"2025-10-16T12:50:27.045740Z","draft_created_at":null,"lead_time":36.83,"prediction":{},"result_count":1,"unique_id":"78fa7bd8-2c5e-4334-8707-0f0d164892b4","import_id":null,"last_action":null,"bulk_created":false,"task":21,"project":1,"updated_by":1,"parent_prediction":null,"parent_annotation":null,"last_created_by":null}],"file_upload":"edb04f40-otp_aszf.txt","drafts":[],"predictions":[],"data":{"text":"23.1 Az Ügyfél kijelenti, hogy ismeri és betartja az OTP Bankcsoport Szankciós Politikáját és az OTP Bank Nyrt. közreműködésével végrehajtott tranzakciókra mindenkor hatályos jogszabályokat."},"meta":{},"created_at":"2025-10-16T12:38:48.315209Z","updated_at":"2025-10-16T12:50:27.301555Z","inner_id":21,"total_annotations":1,"cancelled_annotations":0,"total_predictions":0,"comment_count":0,"unresolved_comment_count":0,"last_comment_updated_at":null,"project":1,"updated_by":1,"comment_authors":[]},{"id":22,"annotations":[{"id":22,"completed_by":1,"result":[{"value":{"choices":["3-Többé\/kevésbé megértem"]},"id":"BwlRaodKLf","from_name":"sentiment","to_name":"text","type":"choices","origin":"manual"}],"was_cancelled":false,"ground_truth":false,"created_at":"2025-10-16T12:50:40.154296Z","updated_at":"2025-10-16T12:50:40.154320Z","draft_created_at":null,"lead_time":12.03,"prediction":{},"result_count":1,"unique_id":"a29c5b7a-357e-4b94-9536-fda48530c57e","import_id":null,"last_action":null,"bulk_created":false,"task":22,"project":1,"updated_by":1,"parent_prediction":null,"parent_annotation":null,"last_created_by":null}],"file_upload":"edb04f40-otp_aszf.txt","drafts":[],"predictions":[],"data":{"text":"4. A kamat, jutalék, díj és költség - ha jogszabály, a szerződés, hirdetmény vagy üzletági üzletszabályzat eltérően nem rendelkezik - utólag a naptári negyedév utolsó napján esedékes. Ha a szerződés bármely ok miatt negyedév közben jár le vagy szűnik meg, az esedékesség ebben az időpontban bekövetkezik."},"meta":{},"created_at":"2025-10-16T12:38:48.315251Z","updated_at":"2025-10-16T12:50:40.353570Z","inner_id":22,"total_annotations":1,"cancelled_annotations":0,"total_predictions":0,"comment_count":0,"unresolved_comment_count":0,"last_comment_updated_at":null,"project":1,"updated_by":1,"comment_authors":[]},{"id":23,"annotations":[{"id":23,"completed_by":1,"result":[{"value":{"choices":["5-Könnyen érthető"]},"id":"OGMuu19tUG","from_name":"sentiment","to_name":"text","type":"choices","origin":"manual"}],"was_cancelled":false,"ground_truth":false,"created_at":"2025-10-16T12:51:01.297195Z","updated_at":"2025-10-16T12:51:01.297217Z","draft_created_at":null,"lead_time":20.367,"prediction":{},"result_count":1,"unique_id":"eb3a3908-8339-4a5e-9957-12991ccb8d9f","import_id":null,"last_action":null,"bulk_created":false,"task":23,"project":1,"updated_by":1,"parent_prediction":null,"parent_annotation":null,"last_created_by":null}],"file_upload":"edb04f40-otp_aszf.txt","drafts":[],"predictions":[],"data":{"text":"7. Az OTP Bank Nyrt. a jogszabályi előírásoknak megfelelően az egységes értékpapír hozam mutatót (EHM) is közzéteszi, amennyiben erre jogszabály alapján köteles. Az EHM az egyes értékpapír ajánlatok összehasonlítására, az Ügyfél megfelelő tájékoztatására szolgál."},"meta":{},"created_at":"2025-10-16T12:38:48.315294Z","updated_at":"2025-10-16T12:51:01.487771Z","inner_id":23,"total_annotations":1,"cancelled_annotations":0,"total_predictions":0,"comment_count":0,"unresolved_comment_count":0,"last_comment_updated_at":null,"project":1,"updated_by":1,"comment_authors":[]},{"id":24,"annotations":[{"id":24,"completed_by":1,"result":[{"value":{"choices":["4-Érthető"]},"id":"Bvwppz4S6V","from_name":"sentiment","to_name":"text","type":"choices","origin":"manual"}],"was_cancelled":false,"ground_truth":false,"created_at":"2025-10-16T12:51:22.452849Z","updated_at":"2025-10-16T12:51:22.452873Z","draft_created_at":null,"lead_time":20.379,"prediction":{},"result_count":1,"unique_id":"0a9e2966-1a12-4489-86a3-8b21fdf15031","import_id":null,"last_action":null,"bulk_created":false,"task":24,"project":1,"updated_by":1,"parent_prediction":null,"parent_annotation":null,"last_created_by":null}],"file_upload":"edb04f40-otp_aszf.txt","drafts":[],"predictions":[],"data":{"text":"2. Az OTP Bank Nyrt. által vezetett számlák javára történő bármely fizetés (pl. postai befizetés, betételhelyezés, törlesztés stb.) teljesítésének időpontja az a nap, amelyen a pénz az OTP Bank Nyrt.-hez megérkezik, illetve a pénztárba befizetik."},"meta":{},"created_at":"2025-10-16T12:38:48.315356Z","updated_at":"2025-10-16T12:51:22.656473Z","inner_id":24,"total_annotations":1,"cancelled_annotations":0,"total_predictions":0,"comment_count":0,"unresolved_comment_count":0,"last_comment_updated_at":null,"project":1,"updated_by":1,"comment_authors":[]},{"id":25,"annotations":[{"id":25,"completed_by":1,"result":[{"value":{"choices":["2-Nehezen érthető"]},"id":"sfy1ErasPk","from_name":"sentiment","to_name":"text","type":"choices","origin":"manual"}],"was_cancelled":false,"ground_truth":false,"created_at":"2025-10-16T12:51:50.597266Z","updated_at":"2025-10-16T12:51:50.597290Z","draft_created_at":null,"lead_time":27.351,"prediction":{},"result_count":1,"unique_id":"8f4e2013-c0c9-4e86-a99e-dfbfb7a1d023","import_id":null,"last_action":null,"bulk_created":false,"task":25,"project":1,"updated_by":1,"parent_prediction":null,"parent_annotation":null,"last_created_by":null}],"file_upload":"edb04f40-otp_aszf.txt","drafts":[],"predictions":[],"data":{"text":"1. Az OTP Bank Nyrt. az egyes Ügyfeleiről rendelkezésére álló minden olyan adatot, tényt, információt, amely az Ügyfél személyére, adataira, vagyoni helyzetére, üzleti tevékenységére, gazdálkodására, tulajdonosi, üzleti kapcsolataira, valamint számlájának egyenlegére, forgalmára, továbbá a bankkal kötött szerződésére vonatkozik, - az ügylet jellegétől függően – banktitokként, illetve értékpapírtitokként kezel. Természetes személyek ezen adatai vonatkozásában a személyes adatok védelmére vonatkozó szabályok is alkalmazandók."},"meta":{},"created_at":"2025-10-16T12:38:48.315414Z","updated_at":"2025-10-16T12:51:50.795650Z","inner_id":25,"total_annotations":1,"cancelled_annotations":0,"total_predictions":0,"comment_count":0,"unresolved_comment_count":0,"last_comment_updated_at":null,"project":1,"updated_by":1,"comment_authors":[]},{"id":26,"annotations":[{"id":26,"completed_by":1,"result":[{"value":{"choices":["1-Nagyon nehezen érthető"]},"id":"IfkieDzIPf","from_name":"sentiment","to_name":"text","type":"choices","origin":"manual"}],"was_cancelled":false,"ground_truth":false,"created_at":"2025-10-16T12:52:12.699686Z","updated_at":"2025-10-16T12:52:12.699707Z","draft_created_at":null,"lead_time":21.316,"prediction":{},"result_count":1,"unique_id":"4c976100-d3ac-4403-bec7-2870f33e2db1","import_id":null,"last_action":null,"bulk_created":false,"task":26,"project":1,"updated_by":1,"parent_prediction":null,"parent_annotation":null,"last_created_by":null}],"file_upload":"edb04f40-otp_aszf.txt","drafts":[],"predictions":[],"data":{"text":"2. A titoktartási kötelezettség – időbeli korlátozás nélkül – az OTP Bank Nyrt. minden vezető tisztségviselőjére és alkalmazottjára, valamint mindazokra vonatkozik, akik az Ügyfelekkel kapcsolatos információkhoz az OTP Bank Nyrt.-vel kapcsolatos tevékenységük során bármilyen módon jutottak hozzá."},"meta":{},"created_at":"2025-10-16T12:38:48.315458Z","updated_at":"2025-10-16T12:52:12.908118Z","inner_id":26,"total_annotations":1,"cancelled_annotations":0,"total_predictions":0,"comment_count":0,"unresolved_comment_count":0,"last_comment_updated_at":null,"project":1,"updated_by":1,"comment_authors":[]},{"id":27,"annotations":[{"id":27,"completed_by":1,"result":[{"value":{"choices":["3-Többé\/kevésbé megértem"]},"id":"MFkfhng6G2","from_name":"sentiment","to_name":"text","type":"choices","origin":"manual"}],"was_cancelled":false,"ground_truth":false,"created_at":"2025-10-16T12:52:26.967677Z","updated_at":"2025-10-16T12:52:26.967701Z","draft_created_at":null,"lead_time":13.453,"prediction":{},"result_count":1,"unique_id":"b0d9c84a-f15c-48de-985b-82d50965fd7a","import_id":null,"last_action":null,"bulk_created":false,"task":27,"project":1,"updated_by":1,"parent_prediction":null,"parent_annotation":null,"last_created_by":null}],"file_upload":"edb04f40-otp_aszf.txt","drafts":[],"predictions":[],"data":{"text":"2. Az okmányok kiszolgáltatása és fizetés esetén az OTP Bank Nyrt. annak teljesít, akit iratainak megvizsgálása alapján az okmányok, illetve a fizetés elfogadására jogosultnak tart."},"meta":{},"created_at":"2025-10-16T12:38:48.315500Z","updated_at":"2025-10-16T12:52:27.185117Z","inner_id":27,"total_annotations":1,"cancelled_annotations":0,"total_predictions":0,"comment_count":0,"unresolved_comment_count":0,"last_comment_updated_at":null,"project":1,"updated_by":1,"comment_authors":[]},{"id":28,"annotations":[{"id":28,"completed_by":1,"result":[{"value":{"choices":["3-Többé\/kevésbé megértem"]},"id":"kD-GhHD8md","from_name":"sentiment","to_name":"text","type":"choices","origin":"manual"}],"was_cancelled":false,"ground_truth":false,"created_at":"2025-10-16T12:52:59.338598Z","updated_at":"2025-10-16T12:52:59.338621Z","draft_created_at":null,"lead_time":31.241,"prediction":{},"result_count":1,"unique_id":"36d54c6a-1079-4f4a-9327-16d3c031f427","import_id":null,"last_action":null,"bulk_created":false,"task":28,"project":1,"updated_by":1,"parent_prediction":null,"parent_annotation":null,"last_created_by":null}],"file_upload":"edb04f40-otp_aszf.txt","drafts":[],"predictions":[],"data":{"text":"3. Az OTP Bank Nyrt. elvárható gondossággal vizsgálja a személyazonosság, a képviseleti jogosultság vagy a meghatalmazás igazolására bemutatott okmányokat. Ezek valódiságáért, illetőleg hamis vagy hamisított voltának gondos vizsgálata melletti fel nem ismerhetőségéért nem vállal felelősséget. Az OTP Bank Nyrt. nem felel az elvárható gondos vizsgálat során sem felismerhető hamis vagy hamisított megbízás teljesítésének következményeiért."},"meta":{},"created_at":"2025-10-16T12:38:48.315544Z","updated_at":"2025-10-16T12:52:59.547448Z","inner_id":28,"total_annotations":1,"cancelled_annotations":0,"total_predictions":0,"comment_count":0,"unresolved_comment_count":0,"last_comment_updated_at":null,"project":1,"updated_by":1,"comment_authors":[]},{"id":29,"annotations":[{"id":29,"completed_by":1,"result":[{"value":{"choices":["3-Többé\/kevésbé megértem"]},"id":"5zxuihcHwu","from_name":"sentiment","to_name":"text","type":"choices","origin":"manual"}],"was_cancelled":false,"ground_truth":false,"created_at":"2025-10-16T12:54:14.523969Z","updated_at":"2025-10-16T12:54:14.523990Z","draft_created_at":null,"lead_time":74.375,"prediction":{},"result_count":1,"unique_id":"151748b0-a228-4f50-bf93-ab096416a5d5","import_id":null,"last_action":null,"bulk_created":false,"task":29,"project":1,"updated_by":1,"parent_prediction":null,"parent_annotation":null,"last_created_by":null}],"file_upload":"edb04f40-otp_aszf.txt","drafts":[],"predictions":[],"data":{"text":"2. Ha az Ügyfél a megbízásnak meghatározott időpontban való teljesítését igényli vagy az általános gyakorlattól eltérő teljesítést kíván, a megbízáson erre az OTP Bank Nyrt. figyelmét fel kell hívnia. A megbízásokat az Ügyfél olyan időpontban tartozik az OTP Bank Nyrt.-nek átadni, hogy a teljesítéshez szükséges idő az OTP Bank Nyrt. rendelkezésére álljon."},"meta":{},"created_at":"2025-10-16T12:38:48.315589Z","updated_at":"2025-10-16T12:54:14.732459Z","inner_id":29,"total_annotations":1,"cancelled_annotations":0,"total_predictions":0,"comment_count":0,"unresolved_comment_count":0,"last_comment_updated_at":null,"project":1,"updated_by":1,"comment_authors":[]},{"id":30,"annotations":[{"id":30,"completed_by":1,"result":[{"value":{"choices":["5-Könnyen érthető"]},"id":"dDVY6Eah-V","from_name":"sentiment","to_name":"text","type":"choices","origin":"manual"}],"was_cancelled":false,"ground_truth":false,"created_at":"2025-10-16T12:54:19.959128Z","updated_at":"2025-10-16T12:54:19.959153Z","draft_created_at":null,"lead_time":4.663,"prediction":{},"result_count":1,"unique_id":"2c8ca32c-1ec7-423c-9944-b8f8fb735c72","import_id":null,"last_action":null,"bulk_created":false,"task":30,"project":1,"updated_by":1,"parent_prediction":null,"parent_annotation":null,"last_created_by":null}],"file_upload":"edb04f40-otp_aszf.txt","drafts":[],"predictions":[],"data":{"text":"3. Ha az Ügyfél a teljesítéshez szükséges adatokat tévesen, hiányosan, vagy késedelmesen adja meg, az ebből eredő kárért az OTP Bank Nyrt. nem felel."},"meta":{},"created_at":"2025-10-16T12:38:48.315632Z","updated_at":"2025-10-16T12:54:20.166644Z","inner_id":30,"total_annotations":1,"cancelled_annotations":0,"total_predictions":0,"comment_count":0,"unresolved_comment_count":0,"last_comment_updated_at":null,"project":1,"updated_by":1,"comment_authors":[]},{"id":31,"annotations":[{"id":31,"completed_by":1,"result":[{"value":{"choices":["5-Könnyen érthető"]},"id":"gMUFiQadt8","from_name":"sentiment","to_name":"text","type":"choices","origin":"manual"}],"was_cancelled":false,"ground_truth":false,"created_at":"2025-10-16T12:54:29.575779Z","updated_at":"2025-10-16T12:54:29.575811Z","draft_created_at":null,"lead_time":8.783,"prediction":{},"result_count":1,"unique_id":"1c148119-6f5e-4aaf-88de-8eaff02a96ee","import_id":null,"last_action":null,"bulk_created":false,"task":31,"project":1,"updated_by":1,"parent_prediction":null,"parent_annotation":null,"last_created_by":null}],"file_upload":"edb04f40-otp_aszf.txt","drafts":[],"predictions":[],"data":{"text":"5. Az Ügyfél terhére érkező fizetési megbízásokon a közlemény rovatban feltüntetett adatokat, vagy utasításokat – mivel azok a fizetés címzettjének szólnak – az OTP Bank Nyrt. nem vizsgálja, jogait és kötelezettségeit ezek nem érintik."},"meta":{},"created_at":"2025-10-16T12:38:48.315678Z","updated_at":"2025-10-16T12:54:29.811590Z","inner_id":31,"total_annotations":1,"cancelled_annotations":0,"total_predictions":0,"comment_count":0,"unresolved_comment_count":0,"last_comment_updated_at":null,"project":1,"updated_by":1,"comment_authors":[]},{"id":32,"annotations":[{"id":32,"completed_by":1,"result":[{"value":{"choices":["2-Nehezen érthető"]},"id":"aUL0LA6J20","from_name":"sentiment","to_name":"text","type":"choices","origin":"manual"}],"was_cancelled":false,"ground_truth":false,"created_at":"2025-10-16T12:54:51.037092Z","updated_at":"2025-10-16T12:54:51.037133Z","draft_created_at":null,"lead_time":20.636,"prediction":{},"result_count":1,"unique_id":"3bbe9176-6475-40d2-b744-0452fd962cb3","import_id":null,"last_action":null,"bulk_created":false,"task":32,"project":1,"updated_by":1,"parent_prediction":null,"parent_annotation":null,"last_created_by":null}],"file_upload":"edb04f40-otp_aszf.txt","drafts":[],"predictions":[],"data":{"text":"9. Felmondás esetén a bankszámla egyenlege és a nyilvántartott követelések esedékessé válnak, és az Ügyfél köteles az OTP Bank Nyrt.-t felmenteni minden olyan kötelezettség alól, amelyet az Ügyfél érdekében vagy az Ügyfél utasítása alapján vállalt. Ha az OTP Bank Nyrt. felmentése a kötelezettségek alól nem lehetséges, az Ügyfél köteles az OTP Bank Nyrt. által meghatározott biztosítékot nyújtani."},"meta":{},"created_at":"2025-10-16T12:38:48.315724Z","updated_at":"2025-10-16T12:54:51.255247Z","inner_id":32,"total_annotations":1,"cancelled_annotations":0,"total_predictions":0,"comment_count":0,"unresolved_comment_count":0,"last_comment_updated_at":null,"project":1,"updated_by":1,"comment_authors":[]},{"id":33,"annotations":[{"id":33,"completed_by":1,"result":[{"value":{"choices":["4-Érthető"]},"id":"A0K4qvDtSY","from_name":"sentiment","to_name":"text","type":"choices","origin":"manual"}],"was_cancelled":false,"ground_truth":false,"created_at":"2025-10-16T12:54:57.965434Z","updated_at":"2025-10-16T12:54:57.965470Z","draft_created_at":null,"lead_time":5.903,"prediction":{},"result_count":1,"unique_id":"f50a3b78-1b0a-4ba5-a819-56e66869a625","import_id":null,"last_action":null,"bulk_created":false,"task":33,"project":1,"updated_by":1,"parent_prediction":null,"parent_annotation":null,"last_created_by":null}],"file_upload":"edb04f40-otp_aszf.txt","drafts":[],"predictions":[],"data":{"text":"2. Az elhelyezett betétek kamata után fizetendő közterhek részletes szabályait külön Hirdetmény tartalmazza."},"meta":{},"created_at":"2025-10-16T12:38:48.315767Z","updated_at":"2025-10-16T12:54:58.236297Z","inner_id":33,"total_annotations":1,"cancelled_annotations":0,"total_predictions":0,"comment_count":0,"unresolved_comment_count":0,"last_comment_updated_at":null,"project":1,"updated_by":1,"comment_authors":[]},{"id":34,"annotations":[{"id":34,"completed_by":1,"result":[{"value":{"choices":["3-Többé\/kevésbé megértem"]},"id":"X-cRfXPtSD","from_name":"sentiment","to_name":"text","type":"choices","origin":"manual"}],"was_cancelled":false,"ground_truth":false,"created_at":"2025-10-16T12:55:11.498930Z","updated_at":"2025-10-16T12:55:11.498952Z","draft_created_at":null,"lead_time":12.671,"prediction":{},"result_count":1,"unique_id":"a6ff2db4-6aba-4d06-b329-676d0969ae83","import_id":null,"last_action":null,"bulk_created":false,"task":34,"project":1,"updated_by":1,"parent_prediction":null,"parent_annotation":null,"last_created_by":null}],"file_upload":"edb04f40-otp_aszf.txt","drafts":[],"predictions":[],"data":{"text":"5. Az Ügyfél kötelezettsége, hogy a betétként elhelyezett összeget a szerződésben vállalt időtartamig az OTP Bank Nyrt.-nél betétként tartsa. E kötelezettség megszegése a kamatra való jogosultság részbeni vagy egészbeni elvesztésével járhat."},"meta":{},"created_at":"2025-10-16T12:38:48.315815Z","updated_at":"2025-10-16T12:55:11.708420Z","inner_id":34,"total_annotations":1,"cancelled_annotations":0,"total_predictions":0,"comment_count":0,"unresolved_comment_count":0,"last_comment_updated_at":null,"project":1,"updated_by":1,"comment_authors":[]},{"id":35,"annotations":[{"id":35,"completed_by":1,"result":[{"value":{"choices":["4-Érthető"]},"id":"wzxOKC9b9B","from_name":"sentiment","to_name":"text","type":"choices","origin":"manual"}],"was_cancelled":false,"ground_truth":false,"created_at":"2025-10-16T12:55:21.046537Z","updated_at":"2025-10-16T12:55:21.046561Z","draft_created_at":null,"lead_time":8.739,"prediction":{},"result_count":1,"unique_id":"953395a7-a8a3-4f86-be64-98daaf0b8baf","import_id":null,"last_action":null,"bulk_created":false,"task":35,"project":1,"updated_by":1,"parent_prediction":null,"parent_annotation":null,"last_created_by":null}],"file_upload":"edb04f40-otp_aszf.txt","drafts":[],"predictions":[],"data":{"text":"6. A kamatot az OTP Bank Nyrt. a betétösszeg elhelyezésének napjától kezdődően számítja. Az utolsó kamatnap a betét lejáratát\/felvételét megelőző nap."},"meta":{},"created_at":"2025-10-16T12:38:48.315860Z","updated_at":"2025-10-16T12:55:21.253523Z","inner_id":35,"total_annotations":1,"cancelled_annotations":0,"total_predictions":0,"comment_count":0,"unresolved_comment_count":0,"last_comment_updated_at":null,"project":1,"updated_by":1,"comment_authors":[]},{"id":36,"annotations":[{"id":36,"completed_by":1,"result":[{"value":{"choices":["5-Könnyen érthető"]},"id":"bLt0IkhUBv","from_name":"sentiment","to_name":"text","type":"choices","origin":"manual"}],"was_cancelled":false,"ground_truth":false,"created_at":"2025-10-16T12:55:27.055691Z","updated_at":"2025-10-16T12:55:27.055714Z","draft_created_at":null,"lead_time":5.172,"prediction":{},"result_count":1,"unique_id":"b6211173-3882-48c6-8bdd-c4983151bfb2","import_id":null,"last_action":null,"bulk_created":false,"task":36,"project":1,"updated_by":1,"parent_prediction":null,"parent_annotation":null,"last_created_by":null}],"file_upload":"edb04f40-otp_aszf.txt","drafts":[],"predictions":[],"data":{"text":"8. Az OTP Bank Nyrt.-nél elhelyezhető különböző betétek fajtáiról, ezek elhelyezésének általános szabályairól és feltételeiről külön üzletági üzletszabályzatok rendelkeznek."},"meta":{},"created_at":"2025-10-16T12:38:48.315906Z","updated_at":"2025-10-16T12:55:27.271169Z","inner_id":36,"total_annotations":1,"cancelled_annotations":0,"total_predictions":0,"comment_count":0,"unresolved_comment_count":0,"last_comment_updated_at":null,"project":1,"updated_by":1,"comment_authors":[]},{"id":37,"annotations":[{"id":37,"completed_by":1,"result":[{"value":{"choices":["4-Érthető"]},"id":"xwYgn99h2K","from_name":"sentiment","to_name":"text","type":"choices","origin":"manual"}],"was_cancelled":false,"ground_truth":false,"created_at":"2025-10-16T12:56:02.860178Z","updated_at":"2025-10-16T12:56:02.860237Z","draft_created_at":null,"lead_time":34.666,"prediction":{},"result_count":1,"unique_id":"d57aada3-c34a-4b0d-aef9-29fa38acfc5d","import_id":null,"last_action":null,"bulk_created":false,"task":37,"project":1,"updated_by":1,"parent_prediction":null,"parent_annotation":null,"last_created_by":null}],"file_upload":"edb04f40-otp_aszf.txt","drafts":[],"predictions":[],"data":{"text":"11. Az OBA által nyújtott biztosítás nem terjed ki az olyan betétre, amelyről a bíróság jogerős ítélettel megállapította, hogy az abban elhelyezett összeg pénzmosásból származik, valamint a hitelintézet szavatoló tőkéjére, továbbá a hitelintézet által kibocsátott hitelviszonyt megtestesítő értékpapírra és saját váltóra."},"meta":{},"created_at":"2025-10-16T12:38:48.315953Z","updated_at":"2025-10-16T12:56:03.083690Z","inner_id":37,"total_annotations":1,"cancelled_annotations":0,"total_predictions":0,"comment_count":0,"unresolved_comment_count":0,"last_comment_updated_at":null,"project":1,"updated_by":1,"comment_authors":[]},{"id":38,"annotations":[{"id":38,"completed_by":1,"result":[{"value":{"choices":["1-Nagyon nehezen érthető"]},"id":"4fKNWy6t55","from_name":"sentiment","to_name":"text","type":"choices","origin":"manual"}],"was_cancelled":false,"ground_truth":false,"created_at":"2025-10-16T12:56:10.341512Z","updated_at":"2025-10-16T12:56:10.341533Z","draft_created_at":null,"lead_time":6.671,"prediction":{},"result_count":1,"unique_id":"c3cc2ff8-7ff4-4c23-92d6-0f60f671c443","import_id":null,"last_action":null,"bulk_created":false,"task":38,"project":1,"updated_by":1,"parent_prediction":null,"parent_annotation":null,"last_created_by":null}],"file_upload":"edb04f40-otp_aszf.txt","drafts":[],"predictions":[],"data":{"text":"12. A XII. 10. a) és c) pontjától eltérően az OBA által nyújtott biztosítás kiterjed a helyi önkormányzat, valamint a helyi önkormányzat által alapított költségvetési szerv betétjére, amennyiben a tárgyévet két évvel megelőző évi beszámolója adatai alapján a helyi önkormányzat költségvetési főösszege nem haladja meg az ötszázezer eurót."},"meta":{},"created_at":"2025-10-16T12:38:48.316001Z","updated_at":"2025-10-16T12:56:10.562779Z","inner_id":38,"total_annotations":1,"cancelled_annotations":0,"total_predictions":0,"comment_count":0,"unresolved_comment_count":0,"last_comment_updated_at":null,"project":1,"updated_by":1,"comment_authors":[]},{"id":39,"annotations":[{"id":39,"completed_by":1,"result":[{"value":{"choices":["3-Többé\/kevésbé megértem"]},"id":"_FN2wWPQmM","from_name":"sentiment","to_name":"text","type":"choices","origin":"manual"}],"was_cancelled":false,"ground_truth":false,"created_at":"2025-10-16T12:56:25.613035Z","updated_at":"2025-10-16T12:56:25.613060Z","draft_created_at":null,"lead_time":14.435,"prediction":{},"result_count":1,"unique_id":"67f7a21b-5c0e-475d-b25a-4b52ce0e6950","import_id":null,"last_action":null,"bulk_created":false,"task":39,"project":1,"updated_by":1,"parent_prediction":null,"parent_annotation":null,"last_created_by":null}],"file_upload":"edb04f40-otp_aszf.txt","drafts":[],"predictions":[],"data":{"text":"20. A betétekből kifizetés mindig a legrégebben elhelyezett összegből történik. Ez azt jelenti, ha egy betétben államilag garantált és az OBA által biztosított összeg is van, a kifizetések mindig az államilag garantált betétet csökkentik. A betétek jogfolytonos átvezetés esetén megőrzik garanciájukat, tehát az államilag garantált betétek továbbra is államilag garantáltak maradnak."},"meta":{},"created_at":"2025-10-16T12:38:48.316051Z","updated_at":"2025-10-16T12:56:25.817003Z","inner_id":39,"total_annotations":1,"cancelled_annotations":0,"total_predictions":0,"comment_count":0,"unresolved_comment_count":0,"last_comment_updated_at":null,"project":1,"updated_by":1,"comment_authors":[]},{"id":40,"annotations":[{"id":40,"completed_by":1,"result":[{"value":{"choices":["1-Nagyon nehezen érthető"]},"id":"7pwuOg6O3F","from_name":"sentiment","to_name":"text","type":"choices","origin":"manual"}],"was_cancelled":false,"ground_truth":false,"created_at":"2025-10-16T12:57:03.716723Z","updated_at":"2025-10-16T12:57:03.716748Z","draft_created_at":null,"lead_time":37.306,"prediction":{},"result_count":1,"unique_id":"dfd5688f-11c1-4982-b721-04baed5ad7a4","import_id":null,"last_action":null,"bulk_created":false,"task":40,"project":1,"updated_by":1,"parent_prediction":null,"parent_annotation":null,"last_created_by":null}],"file_upload":"edb04f40-otp_aszf.txt","drafts":[],"predictions":[],"data":{"text":"5. Az OTP Bank Nyrt. a hitelnyújtás feltételeként szabhatja, hogy az Ügyfél köteles beszámolni valamennyi, más hitelintézetnél és\/vagy pénzforgalmi szolgáltatónál lévő bankszámlájáról, fizetési számlájáról, valamint esetleges egyéb üzleti érdekeltségeiről; illetve azt, hogy az Ügyfél tartozásának fennállása alatt rendszeresen az OTP Bank Nyrt. rendelkezésére bocsássa év végi, valamint évközi üzleti mérlegeit. A hitel nyújtása előtt és annak lejárati ideje alatt az OTP Bank Nyrt. jogosult és köteles tájékozódni a hitelfelvevő, illetve a kezes, egyéb biztosítékot nyújtó vagyoni viszonyairól, üzleti eredményeiről és várható fejlődéséről, a hitelkövetelést biztosító mellékkötelezettségek értékéről és érvényesíthetőségéről."},"meta":{},"created_at":"2025-10-16T12:38:48.316102Z","updated_at":"2025-10-16T12:57:03.944937Z","inner_id":40,"total_annotations":1,"cancelled_annotations":0,"total_predictions":0,"comment_count":0,"unresolved_comment_count":0,"last_comment_updated_at":null,"project":1,"updated_by":1,"comment_authors":[]},{"id":41,"annotations":[{"id":41,"completed_by":1,"result":[],"was_cancelled":true,"ground_truth":false,"created_at":"2025-10-16T12:57:08.795398Z","updated_at":"2025-10-16T12:57:08.795420Z","draft_created_at":null,"lead_time":4.224,"prediction":{},"result_count":0,"unique_id":"ad2187d0-096f-4606-8e85-697d131d0850","import_id":null,"last_action":null,"bulk_created":false,"task":41,"project":1,"updated_by":1,"parent_prediction":null,"parent_annotation":null,"last_created_by":null}],"file_upload":"0ad78394-KH_aszf.txt","drafts":[],"predictions":[],"data":{"text":"I. Fogalom meghatározások"},"meta":{},"created_at":"2025-10-16T12:38:48.316150Z","updated_at":"2025-10-16T12:57:08.990891Z","inner_id":41,"total_annotations":0,"cancelled_annotations":1,"total_predictions":0,"comment_count":0,"unresolved_comment_count":0,"last_comment_updated_at":null,"project":1,"updated_by":1,"comment_authors":[]},{"id":42,"annotations":[{"id":42,"completed_by":1,"result":[{"value":{"choices":["5-Könnyen érthető"]},"id":"HRXNT4ZUPn","from_name":"sentiment","to_name":"text","type":"choices","origin":"manual"}],"was_cancelled":false,"ground_truth":false,"created_at":"2025-10-16T12:57:17.965649Z","updated_at":"2025-10-16T12:57:17.965700Z","draft_created_at":null,"lead_time":8.26,"prediction":{},"result_count":1,"unique_id":"0dd4d0de-cd87-4e08-a503-a97281b777eb","import_id":null,"last_action":null,"bulk_created":false,"task":42,"project":1,"updated_by":1,"parent_prediction":null,"parent_annotation":null,"last_created_by":null}],"file_upload":"0ad78394-KH_aszf.txt","drafts":[],"predictions":[],"data":{"text":"e-azonosító szám: A Bank által kibocsátott virtuális kártyaszám, amely e-bank azonosító kártya kibocsátása esetén megegyezik az e-bank azonosító kártya számával. Az e-azonosító szám névre szóló, annak birtokosa csak természetes személy lehet."},"meta":{},"created_at":"2025-10-16T12:38:48.316202Z","updated_at":"2025-10-16T12:57:18.234202Z","inner_id":42,"total_annotations":1,"cancelled_annotations":0,"total_predictions":0,"comment_count":0,"unresolved_comment_count":0,"last_comment_updated_at":null,"project":1,"updated_by":1,"comment_authors":[]},{"id":43,"annotations":[{"id":43,"completed_by":1,"result":[{"value":{"choices":["4-Érthető"]},"id":"BzrcX5aGb9","from_name":"sentiment","to_name":"text","type":"choices","origin":"manual"}],"was_cancelled":false,"ground_truth":false,"created_at":"2025-10-16T12:57:42.641013Z","updated_at":"2025-10-16T12:57:42.641036Z","draft_created_at":null,"lead_time":23.771,"prediction":{},"result_count":1,"unique_id":"d60cc77f-6b98-4d44-b3b5-146aaba153b4","import_id":null,"last_action":null,"bulk_created":false,"task":43,"project":1,"updated_by":1,"parent_prediction":null,"parent_annotation":null,"last_created_by":null}],"file_upload":"0ad78394-KH_aszf.txt","drafts":[],"predictions":[],"data":{"text":"e-bank azonosító kártya: A Bank által kibocsátott, bankkártyának nem minősülő műanyag lap, amely - mint távolról hozzáférést biztosító elektronikus fizetési eszköz - biztosítja, a PIN kód révén, kizárólag az Ügyfél\/Felhasználó részére a K&H e-bank interneten keresztül történő igénybevételét. A Bank által kibocsátott azonosító kártya a Bank tulajdonát képezi. Az e-bank azonosító kártya névre szóló, annak birtokosa csak természetes személy lehet."},"meta":{},"created_at":"2025-10-16T12:38:48.316257Z","updated_at":"2025-10-16T12:57:42.842188Z","inner_id":43,"total_annotations":1,"cancelled_annotations":0,"total_predictions":0,"comment_count":0,"unresolved_comment_count":0,"last_comment_updated_at":null,"project":1,"updated_by":1,"comment_authors":[]},{"id":44,"annotations":[{"id":44,"completed_by":1,"result":[{"value":{"choices":["5-Könnyen érthető"]},"id":"YQuL34MWpq","from_name":"sentiment","to_name":"text","type":"choices","origin":"manual"}],"was_cancelled":false,"ground_truth":false,"created_at":"2025-10-16T12:57:47.994629Z","updated_at":"2025-10-16T12:57:47.994670Z","draft_created_at":null,"lead_time":4.374,"prediction":{},"result_count":1,"unique_id":"f13e09a2-b329-4959-b784-7b4a6d6ba8ae","import_id":null,"last_action":null,"bulk_created":false,"task":44,"project":1,"updated_by":1,"parent_prediction":null,"parent_annotation":null,"last_created_by":null}],"file_upload":"0ad78394-KH_aszf.txt","drafts":[],"predictions":[],"data":{"text":"Egyszer használatos jelszó: A Bank által az Ügyfél részére SMS üzenetben megküldött, egyszeri belépésre felhasználható jelszó."},"meta":{},"created_at":"2025-10-16T12:38:48.316310Z","updated_at":"2025-10-16T12:57:48.412346Z","inner_id":44,"total_annotations":1,"cancelled_annotations":0,"total_predictions":0,"comment_count":0,"unresolved_comment_count":0,"last_comment_updated_at":null,"project":1,"updated_by":1,"comment_authors":[]},{"id":45,"annotations":[{"id":45,"completed_by":1,"result":[{"value":{"choices":["2-Nehezen érthető"]},"id":"ltRnEgByB9","from_name":"sentiment","to_name":"text","type":"choices","origin":"manual"}],"was_cancelled":false,"ground_truth":false,"created_at":"2025-10-16T12:58:25.858276Z","updated_at":"2025-10-16T12:58:25.858315Z","draft_created_at":null,"lead_time":36.821,"prediction":{},"result_count":1,"unique_id":"4fa11c88-6083-415c-9725-2309bf19bae4","import_id":null,"last_action":null,"bulk_created":false,"task":45,"project":1,"updated_by":1,"parent_prediction":null,"parent_annotation":null,"last_created_by":null}],"file_upload":"0ad78394-KH_aszf.txt","drafts":[],"predictions":[],"data":{"text":"Elektronikus banki művelet: Minden olyan megbízás és értesítés, amelyet az Ügyfél\/Felhasználó közvetlenül számítógépes kommunikáció alkalmazásával, legalább részben elektronikus jelek formájában ad meg a Bank számára. Az elektronikus banki műveletek során az Ügyfél az aláírását a Bank által jóváhagyott formátumú személyazonosító kódolással helyettesíti."},"meta":{},"created_at":"2025-10-16T12:38:48.316374Z","updated_at":"2025-10-16T12:58:26.072778Z","inner_id":45,"total_annotations":1,"cancelled_annotations":0,"total_predictions":0,"comment_count":0,"unresolved_comment_count":0,"last_comment_updated_at":null,"project":1,"updated_by":1,"comment_authors":[]},{"id":46,"annotations":[{"id":46,"completed_by":1,"result":[{"value":{"choices":["4-Érthető"]},"id":"xyOkLUEOEe","from_name":"sentiment","to_name":"text","type":"choices","origin":"manual"}],"was_cancelled":false,"ground_truth":false,"created_at":"2025-10-16T12:58:44.528661Z","updated_at":"2025-10-16T12:58:44.528686Z","draft_created_at":null,"lead_time":17.864,"prediction":{},"result_count":1,"unique_id":"db15015c-202e-469c-bc60-7c0e09540fbd","import_id":null,"last_action":null,"bulk_created":false,"task":46,"project":1,"updated_by":1,"parent_prediction":null,"parent_annotation":null,"last_created_by":null}],"file_upload":"0ad78394-KH_aszf.txt","drafts":[],"predictions":[],"data":{"text":"Felhasználó: K&H vállalkozói e-bank szolgáltatás esetében az Ügyfél által, a szolgáltatásra irányadó feltételek szerint elektronikus banki műveletek végzésére felhatalmazott bármely személy."},"meta":{},"created_at":"2025-10-16T12:38:48.316438Z","updated_at":"2025-10-16T12:58:44.751330Z","inner_id":46,"total_annotations":1,"cancelled_annotations":0,"total_predictions":0,"comment_count":0,"unresolved_comment_count":0,"last_comment_updated_at":null,"project":1,"updated_by":1,"comment_authors":[]},{"id":47,"annotations":[{"id":47,"completed_by":1,"result":[{"value":{"choices":["3-Többé\/kevésbé megértem"]},"id":"SoEupB4ZqS","from_name":"sentiment","to_name":"text","type":"choices","origin":"manual"}],"was_cancelled":false,"ground_truth":false,"created_at":"2025-10-16T12:58:59.310571Z","updated_at":"2025-10-16T12:58:59.310597Z","draft_created_at":null,"lead_time":13.977,"prediction":{},"result_count":1,"unique_id":"7d9fefd0-429a-4fe3-9e4c-60033c9ffd13","import_id":null,"last_action":null,"bulk_created":false,"task":47,"project":1,"updated_by":1,"parent_prediction":null,"parent_annotation":null,"last_created_by":null}],"file_upload":"0ad78394-KH_aszf.txt","drafts":[],"predictions":[],"data":{"text":"Hirdetmény: A Bank által az ügyfélforgalom számára nyitva álló helyiségében, a szolgáltatások igénybevételeinek feltételeit tartalmazó közlemény. A Hirdetmény tartalmazza többek között a szolgáltatások tartalmát, az igénybevételéhez szükséges eszközök paramétereit, illetve a díjakat, jutalékokat."},"meta":{},"created_at":"2025-10-16T12:38:48.316490Z","updated_at":"2025-10-16T12:58:59.514768Z","inner_id":47,"total_annotations":1,"cancelled_annotations":0,"total_predictions":0,"comment_count":0,"unresolved_comment_count":0,"last_comment_updated_at":null,"project":1,"updated_by":1,"comment_authors":[]},{"id":48,"annotations":[{"id":48,"completed_by":1,"result":[{"value":{"choices":["5-Könnyen érthető"]},"id":"lBLOUQmLkC","from_name":"sentiment","to_name":"text","type":"choices","origin":"manual"}],"was_cancelled":false,"ground_truth":false,"created_at":"2025-10-16T12:59:08.268247Z","updated_at":"2025-10-16T12:59:08.268293Z","draft_created_at":null,"lead_time":7.973,"prediction":{},"result_count":1,"unique_id":"5b261a48-bd38-42f2-8753-df8c9bccd261","import_id":null,"last_action":null,"bulk_created":false,"task":48,"project":1,"updated_by":1,"parent_prediction":null,"parent_annotation":null,"last_created_by":null}],"file_upload":"0ad78394-KH_aszf.txt","drafts":[],"predictions":[],"data":{"text":"Hozzáférési jog: A Felhasználó azon joga, mely egyértelműen meghatározza, hogy a Felhasználó a K&H e-bank szolgáltatás keretében milyen típusú elektronikus banki műveleteket végezhet."},"meta":{},"created_at":"2025-10-16T12:38:48.316539Z","updated_at":"2025-10-16T12:59:08.509436Z","inner_id":48,"total_annotations":1,"cancelled_annotations":0,"total_predictions":0,"comment_count":0,"unresolved_comment_count":0,"last_comment_updated_at":null,"project":1,"updated_by":1,"comment_authors":[]},{"id":49,"annotations":[{"id":49,"completed_by":1,"result":[{"value":{"choices":["3-Többé\/kevésbé megértem"]},"id":"bMqY7Yl_Y1","from_name":"sentiment","to_name":"text","type":"choices","origin":"manual"}],"was_cancelled":false,"ground_truth":false,"created_at":"2025-10-16T12:59:20.791613Z","updated_at":"2025-10-16T12:59:20.791659Z","draft_created_at":null,"lead_time":11.558,"prediction":{},"result_count":1,"unique_id":"8f26663a-60fe-48bb-9f1b-21cacb87459d","import_id":null,"last_action":null,"bulk_created":false,"task":49,"project":1,"updated_by":1,"parent_prediction":null,"parent_annotation":null,"last_created_by":null}],"file_upload":"0ad78394-KH_aszf.txt","drafts":[],"predictions":[],"data":{"text":"Induló sms aktivizáló kód: A Bank az Ügyfél részére az e-azonosító számmal együtt átadott egyszer használatos jelszó, amelynek megküldésével az Ügyfél aktiválja az e-azonosító számát és megkapja az e- bank felületre történő első belépéshez szükséges egyszer használatos jelszót a banktól sms-ben."},"meta":{},"created_at":"2025-10-16T12:38:48.316590Z","updated_at":"2025-10-16T12:59:21.014410Z","inner_id":49,"total_annotations":1,"cancelled_annotations":0,"total_predictions":0,"comment_count":0,"unresolved_comment_count":0,"last_comment_updated_at":null,"project":1,"updated_by":1,"comment_authors":[]},{"id":50,"annotations":[{"id":50,"completed_by":1,"result":[{"value":{"choices":["1-Nagyon nehezen érthető"]},"id":"xuxaxLssQ7","from_name":"sentiment","to_name":"text","type":"choices","origin":"manual"}],"was_cancelled":false,"ground_truth":false,"created_at":"2025-10-16T12:59:39.965192Z","updated_at":"2025-10-16T12:59:39.965217Z","draft_created_at":null,"lead_time":18.297,"prediction":{},"result_count":1,"unique_id":"95c3053a-a3c3-4d96-a0b5-82e66bfaa8e9","import_id":null,"last_action":null,"bulk_created":false,"task":50,"project":1,"updated_by":1,"parent_prediction":null,"parent_annotation":null,"last_created_by":null}],"file_upload":"0ad78394-KH_aszf.txt","drafts":[],"predictions":[],"data":{"text":"K&H e-bank szolgáltatás: A Bank által az Ügyfelek részére nyújtott szolgáltatás, amely során az Ügyfelek a kapcsolódó kondíciókról az ide vonatkozó Hirdetményekben meghatározott, és K&H lakossági e-bank szolgáltatás esetén az https:\/\/ebank.khb.hu\/lakossag, K&H trambulin e-bank szolgáltatás esetén az https:\/\/ebank.khb.hu\/trambulin, K&H vállalkozói e-bank szolgáltatás esetén a https:\/\/ebank.khb.hu\/vallalat internetes címen elérhető szolgáltatásokat vehetik igénybe."},"meta":{},"created_at":"2025-10-16T12:38:48.316641Z","updated_at":"2025-10-16T12:59:40.185642Z","inner_id":50,"total_annotations":1,"cancelled_annotations":0,"total_predictions":0,"comment_count":0,"unresolved_comment_count":0,"last_comment_updated_at":null,"project":1,"updated_by":1,"comment_authors":[]},{"id":51,"annotations":[{"id":51,"completed_by":1,"result":[{"value":{"choices":["5-Könnyen érthető"]},"id":"UjbY7VeYBR","from_name":"sentiment","to_name":"text","type":"choices","origin":"manual"}],"was_cancelled":false,"ground_truth":false,"created_at":"2025-10-16T12:59:46.159886Z","updated_at":"2025-10-16T12:59:46.159930Z","draft_created_at":null,"lead_time":5.392,"prediction":{},"result_count":1,"unique_id":"a3609e93-32b0-427e-a6fc-52fcfacecd52","import_id":null,"last_action":null,"bulk_created":false,"task":51,"project":1,"updated_by":1,"parent_prediction":null,"parent_annotation":null,"last_created_by":null}],"file_upload":"0ad78394-KH_aszf.txt","drafts":[],"predictions":[],"data":{"text":"Meghajtó program: A chipkártya-olvasó üzemeltetéséhez szükséges program."},"meta":{},"created_at":"2025-10-16T12:38:48.316687Z","updated_at":"2025-10-16T12:59:46.377422Z","inner_id":51,"total_annotations":1,"cancelled_annotations":0,"total_predictions":0,"comment_count":0,"unresolved_comment_count":0,"last_comment_updated_at":null,"project":1,"updated_by":1,"comment_authors":[]},{"id":52,"annotations":[{"id":52,"completed_by":1,"result":[{"value":{"choices":["5-Könnyen érthető"]},"id":"XSkUt7fV9S","from_name":"sentiment","to_name":"text","type":"choices","origin":"manual"}],"was_cancelled":false,"ground_truth":false,"created_at":"2025-10-16T12:59:52.144532Z","updated_at":"2025-10-16T12:59:52.144554Z","draft_created_at":null,"lead_time":5.157,"prediction":{},"result_count":1,"unique_id":"db9aed37-0e65-40d1-a73d-cf6ceacfb0c8","import_id":null,"last_action":null,"bulk_created":false,"task":52,"project":1,"updated_by":1,"parent_prediction":null,"parent_annotation":null,"last_created_by":null}],"file_upload":"0ad78394-KH_aszf.txt","drafts":[],"predictions":[],"data":{"text":"Minimális konfiguráció: A szolgáltatás igénybevételéhez szükséges minimális technikai feltételek."},"meta":{},"created_at":"2025-10-16T12:38:48.316767Z","updated_at":"2025-10-16T12:59:52.326285Z","inner_id":52,"total_annotations":1,"cancelled_annotations":0,"total_predictions":0,"comment_count":0,"unresolved_comment_count":0,"last_comment_updated_at":null,"project":1,"updated_by":1,"comment_authors":[]},{"id":53,"annotations":[{"id":53,"completed_by":1,"result":[{"value":{"choices":["5-Könnyen érthető"]},"id":"kLXffoZpSH","from_name":"sentiment","to_name":"text","type":"choices","origin":"manual"}],"was_cancelled":false,"ground_truth":false,"created_at":"2025-10-16T12:59:58.839438Z","updated_at":"2025-10-16T12:59:58.839460Z","draft_created_at":null,"lead_time":5.919,"prediction":{},"result_count":1,"unique_id":"f944c748-4842-4f84-88a2-4f8aedbdd64a","import_id":null,"last_action":null,"bulk_created":false,"task":53,"project":1,"updated_by":1,"parent_prediction":null,"parent_annotation":null,"last_created_by":null}],"file_upload":"0ad78394-KH_aszf.txt","drafts":[],"predictions":[],"data":{"text":"Nyilvános helyen történő üzemeltetés: Bármely a banki, illetőleg az otthoni számítógép-használat körén kívül eső hely."},"meta":{},"created_at":"2025-10-16T12:38:48.316862Z","updated_at":"2025-10-16T12:59:59.038454Z","inner_id":53,"total_annotations":1,"cancelled_annotations":0,"total_predictions":0,"comment_count":0,"unresolved_comment_count":0,"last_comment_updated_at":null,"project":1,"updated_by":1,"comment_authors":[]},{"id":54,"annotations":[{"id":54,"completed_by":1,"result":[{"value":{"choices":["5-Könnyen érthető"]},"id":"Tu98_30ZBB","from_name":"sentiment","to_name":"text","type":"choices","origin":"manual"}],"was_cancelled":false,"ground_truth":false,"created_at":"2025-10-16T13:00:04.108019Z","updated_at":"2025-10-16T13:00:04.108043Z","draft_created_at":null,"lead_time":4.479,"prediction":{},"result_count":1,"unique_id":"8c6dde1b-aef3-44b1-a34a-0f059f515693","import_id":null,"last_action":null,"bulk_created":false,"task":54,"project":1,"updated_by":1,"parent_prediction":null,"parent_annotation":null,"last_created_by":null}],"file_upload":"0ad78394-KH_aszf.txt","drafts":[],"predictions":[],"data":{"text":"Olvasó: A szolgáltatás igénybevételéhez szükséges chipkártya-olvasó."},"meta":{},"created_at":"2025-10-16T12:38:48.316924Z","updated_at":"2025-10-16T13:00:04.328412Z","inner_id":54,"total_annotations":1,"cancelled_annotations":0,"total_predictions":0,"comment_count":0,"unresolved_comment_count":0,"last_comment_updated_at":null,"project":1,"updated_by":1,"comment_authors":[]},{"id":55,"annotations":[{"id":55,"completed_by":1,"result":[{"value":{"choices":["4-Érthető"]},"id":"LK_T_t4IdA","from_name":"sentiment","to_name":"text","type":"choices","origin":"manual"}],"was_cancelled":false,"ground_truth":false,"created_at":"2025-10-16T13:00:17.241832Z","updated_at":"2025-10-16T13:00:17.241855Z","draft_created_at":null,"lead_time":12.308,"prediction":{},"result_count":1,"unique_id":"0ed4a459-24ed-4b6b-b31a-6e77a4d74b83","import_id":null,"last_action":null,"bulk_created":false,"task":55,"project":1,"updated_by":1,"parent_prediction":null,"parent_annotation":null,"last_created_by":null}],"file_upload":"0ad78394-KH_aszf.txt","drafts":[],"predictions":[],"data":{"text":"PIN kód (Personal Identification Number): Az a szigorú biztonsági előírások mellett készített, újra elő nem állítható, adott személyre vonatkozó titkos személyi azonosító kód, amelyet a Bank az Ügyfél\/Felhasználó részére eljuttat, és amely lehetővé teszi az azonosító kártya használatával a szolgáltatás igénybevételét."},"meta":{},"created_at":"2025-10-16T12:38:48.316984Z","updated_at":"2025-10-16T13:00:17.450161Z","inner_id":55,"total_annotations":1,"cancelled_annotations":0,"total_predictions":0,"comment_count":0,"unresolved_comment_count":0,"last_comment_updated_at":null,"project":1,"updated_by":1,"comment_authors":[]},{"id":56,"annotations":[{"id":56,"completed_by":1,"result":[{"value":{"choices":["5-Könnyen érthető"]},"id":"jAb94PIb5Z","from_name":"sentiment","to_name":"text","type":"choices","origin":"manual"}],"was_cancelled":false,"ground_truth":false,"created_at":"2025-10-16T13:00:26.808079Z","updated_at":"2025-10-16T13:00:26.808103Z","draft_created_at":null,"lead_time":8.154,"prediction":{},"result_count":1,"unique_id":"82a16dca-36c9-4f0c-901c-3f648d81b79a","import_id":null,"last_action":null,"bulk_created":false,"task":56,"project":1,"updated_by":1,"parent_prediction":null,"parent_annotation":null,"last_created_by":null}],"file_upload":"0ad78394-KH_aszf.txt","drafts":[],"predictions":[],"data":{"text":"Ügyfél: A szolgáltatás alapjául szolgáló bankszámlaszerződéssel rendelkező természetes személy, illetve gazdálkodó és egyéb szervezetek."},"meta":{},"created_at":"2025-10-16T12:38:48.317043Z","updated_at":"2025-10-16T13:00:27.013862Z","inner_id":56,"total_annotations":1,"cancelled_annotations":0,"total_predictions":0,"comment_count":0,"unresolved_comment_count":0,"last_comment_updated_at":null,"project":1,"updated_by":1,"comment_authors":[]},{"id":57,"annotations":[{"id":57,"completed_by":1,"result":[{"value":{"choices":["3-Többé\/kevésbé megértem"]},"id":"1K-by544Gj","from_name":"sentiment","to_name":"text","type":"choices","origin":"manual"}],"was_cancelled":false,"ground_truth":false,"created_at":"2025-10-16T13:00:37.678760Z","updated_at":"2025-10-16T13:00:37.678809Z","draft_created_at":null,"lead_time":9.716,"prediction":{},"result_count":1,"unique_id":"f147131c-b8ba-46d7-8747-be9a97d5de1e","import_id":null,"last_action":null,"bulk_created":false,"task":57,"project":1,"updated_by":1,"parent_prediction":null,"parent_annotation":null,"last_created_by":null}],"file_upload":"0ad78394-KH_aszf.txt","drafts":[],"predictions":[],"data":{"text":"Üzemeltető: Az, aki a Banktól függetlenül biztosítja a szolgáltatás eléréséhez szükséges, Hirdetményben meghatározott eszközöket."},"meta":{},"created_at":"2025-10-16T12:38:48.317098Z","updated_at":"2025-10-16T13:00:37.971281Z","inner_id":57,"total_annotations":1,"cancelled_annotations":0,"total_predictions":0,"comment_count":0,"unresolved_comment_count":0,"last_comment_updated_at":null,"project":1,"updated_by":1,"comment_authors":[]},{"id":58,"annotations":[{"id":58,"completed_by":1,"result":[],"was_cancelled":true,"ground_truth":false,"created_at":"2025-10-16T13:00:40.993890Z","updated_at":"2025-10-16T13:00:40.993914Z","draft_created_at":null,"lead_time":2.242,"prediction":{},"result_count":0,"unique_id":"d2943fe5-15dc-45a6-b0a3-b4cb6e507d3b","import_id":null,"last_action":null,"bulk_created":false,"task":58,"project":1,"updated_by":1,"parent_prediction":null,"parent_annotation":null,"last_created_by":null}],"file_upload":"0ad78394-KH_aszf.txt","drafts":[],"predictions":[],"data":{"text":"II. Általános rendelkezések"},"meta":{},"created_at":"2025-10-16T12:38:48.317146Z","updated_at":"2025-10-16T13:00:41.210548Z","inner_id":58,"total_annotations":0,"cancelled_annotations":1,"total_predictions":0,"comment_count":0,"unresolved_comment_count":0,"last_comment_updated_at":null,"project":1,"updated_by":1,"comment_authors":[]},{"id":59,"annotations":[{"id":59,"completed_by":1,"result":[{"value":{"choices":["2-Nehezen érthető"]},"id":"L8SUqcJpmf","from_name":"sentiment","to_name":"text","type":"choices","origin":"manual"}],"was_cancelled":false,"ground_truth":false,"created_at":"2025-10-16T13:00:59.935935Z","updated_at":"2025-10-16T13:00:59.935957Z","draft_created_at":null,"lead_time":18.062,"prediction":{},"result_count":1,"unique_id":"0c8ce5d3-5c83-424d-8da4-101ce943a911","import_id":null,"last_action":null,"bulk_created":false,"task":59,"project":1,"updated_by":1,"parent_prediction":null,"parent_annotation":null,"last_created_by":null}],"file_upload":"0ad78394-KH_aszf.txt","drafts":[],"predictions":[],"data":{"text":"2.1 A Bank a vonatkozó ÁSZF, a vonatkozó Hirdetmény és a Bank Üzletszabályzatának Ügyfél\/Felhasználó általi elfogadásával K&H e-bank szolgáltatást nyújt az Ügyfél\/Felhasználó részére, s e szolgáltatások igénybevételéhez – az Ügyfél rendelkezésének megfelelően – e-bank azonosító kártyát vagy – az ügyfél választása szerint - e-azonosító számot bocsát ki."},"meta":{},"created_at":"2025-10-16T12:38:48.360872Z","updated_at":"2025-10-16T13:01:00.178526Z","inner_id":59,"total_annotations":1,"cancelled_annotations":0,"total_predictions":0,"comment_count":0,"unresolved_comment_count":0,"last_comment_updated_at":null,"project":1,"updated_by":1,"comment_authors":[]},{"id":60,"annotations":[{"id":60,"completed_by":1,"result":[{"value":{"choices":["4-Érthető"]},"id":"C1cUAfsh0s","from_name":"sentiment","to_name":"text","type":"choices","origin":"manual"}],"was_cancelled":false,"ground_truth":false,"created_at":"2025-10-16T13:05:14.971063Z","updated_at":"2025-10-16T13:05:14.971089Z","draft_created_at":null,"lead_time":254.159,"prediction":{},"result_count":1,"unique_id":"b87707e5-95aa-4157-a4be-65400c14f4cd","import_id":null,"last_action":null,"bulk_created":false,"task":60,"project":1,"updated_by":1,"parent_prediction":null,"parent_annotation":null,"last_created_by":null}],"file_upload":"0ad78394-KH_aszf.txt","drafts":[],"predictions":[],"data":{"text":"2.2 Az Ügyfél köteles rendelkezni az e-bank szolgáltatás igénybevételéhez szükséges, a Bank által meghatározott berendezésekkel, illetőleg ilyen berendezések használatára jogosultnak kell lennie. Ezen berendezések valamint a szolgáltatás igénybevételéhez szükséges egyéb eszközök műszaki jellemzőit, használatát az Ügyfél köteles megismerni."},"meta":{},"created_at":"2025-10-16T12:38:48.360969Z","updated_at":"2025-10-16T13:05:15.180884Z","inner_id":60,"total_annotations":1,"cancelled_annotations":0,"total_predictions":0,"comment_count":0,"unresolved_comment_count":0,"last_comment_updated_at":null,"project":1,"updated_by":1,"comment_authors":[]},{"id":61,"annotations":[{"id":61,"completed_by":1,"result":[{"value":{"choices":["5-Könnyen érthető"]},"id":"QPkp9J825f","from_name":"sentiment","to_name":"text","type":"choices","origin":"manual"}],"was_cancelled":false,"ground_truth":false,"created_at":"2025-10-16T13:05:28.224963Z","updated_at":"2025-10-16T13:05:28.225004Z","draft_created_at":null,"lead_time":12.243,"prediction":{},"result_count":1,"unique_id":"458a1d76-5cbe-403c-bc7f-6d9890249937","import_id":null,"last_action":null,"bulk_created":false,"task":61,"project":1,"updated_by":1,"parent_prediction":null,"parent_annotation":null,"last_created_by":null}],"file_upload":"0ad78394-KH_aszf.txt","drafts":[],"predictions":[],"data":{"text":"2.3 Az Ügyfél\/Felhasználó az e-bank szolgáltatás keretében banki szolgáltatásokat vehet igénybe. A szolgáltatási kört a Bank ügyfélforgalom számára nyitva álló helyiségeiben és az interneten közzétett Hirdetmény tartalmazza."},"meta":{},"created_at":"2025-10-16T12:38:48.361025Z","updated_at":"2025-10-16T13:05:28.523489Z","inner_id":61,"total_annotations":1,"cancelled_annotations":0,"total_predictions":0,"comment_count":0,"unresolved_comment_count":0,"last_comment_updated_at":null,"project":1,"updated_by":1,"comment_authors":[]},{"id":62,"annotations":[{"id":62,"completed_by":1,"result":[{"value":{"choices":["3-Többé\/kevésbé megértem"]},"id":"-rsSeCwhMZ","from_name":"sentiment","to_name":"text","type":"choices","origin":"manual"}],"was_cancelled":false,"ground_truth":false,"created_at":"2025-10-16T13:06:46.161385Z","updated_at":"2025-10-16T13:06:46.161428Z","draft_created_at":null,"lead_time":76.964,"prediction":{},"result_count":1,"unique_id":"82d7a3ed-fe79-4bdd-a136-c876179ca07a","import_id":null,"last_action":null,"bulk_created":false,"task":62,"project":1,"updated_by":1,"parent_prediction":null,"parent_annotation":null,"last_created_by":null}],"file_upload":"0ad78394-KH_aszf.txt","drafts":[],"predictions":[],"data":{"text":"2.4 A Bank a szolgáltatások igénybevételéért a Hirdetményben meghatározott díjakat, költségeket vagy jutalékokat számítja fel. A Bank jogosult az esedékes díjakat, jutalékokat illetve költségeket a Hirdetményben meghatározott időpontban az Ügyfél bankszámlájára terhelni. A Hirdetményben közzétett díjak, költségek, jutalékok nem tartalmazzák a szolgáltatások igénybevételével végrehajtott tranzakcióknak a vonatkozó Hirdetményben meghatározott mértékű díjait, költségeit, jutalékait."},"meta":{},"created_at":"2025-10-16T12:38:48.361079Z","updated_at":"2025-10-16T13:06:46.380636Z","inner_id":62,"total_annotations":1,"cancelled_annotations":0,"total_predictions":0,"comment_count":0,"unresolved_comment_count":0,"last_comment_updated_at":null,"project":1,"updated_by":1,"comment_authors":[]},{"id":63,"annotations":[{"id":63,"completed_by":1,"result":[{"value":{"choices":["4-Érthető"]},"id":"n1BZhw4NLt","from_name":"sentiment","to_name":"text","type":"choices","origin":"manual"}],"was_cancelled":false,"ground_truth":false,"created_at":"2025-10-16T13:07:07.248924Z","updated_at":"2025-10-16T13:07:07.248948Z","draft_created_at":null,"lead_time":20.22,"prediction":{},"result_count":1,"unique_id":"93624b51-edec-4a1b-8b26-6a90efcfd991","import_id":null,"last_action":null,"bulk_created":false,"task":63,"project":1,"updated_by":1,"parent_prediction":null,"parent_annotation":null,"last_created_by":null}],"file_upload":"0ad78394-KH_aszf.txt","drafts":[],"predictions":[],"data":{"text":"2.5 Az Ügyfél a Bankkal szemben, a jelen ÁSZF alapján keletkező valamennyi fizetési kötelezettségének köteles esedékességkor, illetve felmerülésekor eleget tenni. A Bank jogosult arra, hogy az Ügyféllel szemben keletkező követelését az Ügyfél banknál vezetett bármely számlájával szemben elszámolja, illetve az Ügyfél egyéb számláján alapuló, vagy a Bankkal szemben egyébként fennálló követelésébe beszámítsa."},"meta":{},"created_at":"2025-10-16T12:38:48.361129Z","updated_at":"2025-10-16T13:07:07.459662Z","inner_id":63,"total_annotations":1,"cancelled_annotations":0,"total_predictions":0,"comment_count":0,"unresolved_comment_count":0,"last_comment_updated_at":null,"project":1,"updated_by":1,"comment_authors":[]},{"id":64,"annotations":[{"id":64,"completed_by":1,"result":[{"value":{"choices":["5-Könnyen érthető"]},"id":"YomZghLdk7","from_name":"sentiment","to_name":"text","type":"choices","origin":"manual"}],"was_cancelled":false,"ground_truth":false,"created_at":"2025-10-16T13:07:16.326860Z","updated_at":"2025-10-16T13:07:16.326884Z","draft_created_at":null,"lead_time":8.203,"prediction":{},"result_count":1,"unique_id":"d88fbcc1-70b0-4d1f-8bec-9bdaa0eab370","import_id":null,"last_action":null,"bulk_created":false,"task":64,"project":1,"updated_by":1,"parent_prediction":null,"parent_annotation":null,"last_created_by":null}],"file_upload":"0ad78394-KH_aszf.txt","drafts":[],"predictions":[],"data":{"text":"2.6 A szolgáltatás igénybevételére az Ügyfél\/Felhasználó attól a naptól kezdve jogosult, amely napon a szolgáltatás igénybevételéhez szükséges e-bank azonosító kártyát, valamint a PIN kódot átvette, illetőleg e-azonosító szám igénylése esetén az e-azonosító számról és a hozzá kapcsolódó induló sms aktivizáló kódról az igénylés és a Bank által kibocsátott tájékoztató levél egy példányának átvételekor értesült."},"meta":{},"created_at":"2025-10-16T12:38:48.361178Z","updated_at":"2025-10-16T13:07:16.541773Z","inner_id":64,"total_annotations":1,"cancelled_annotations":0,"total_predictions":0,"comment_count":0,"unresolved_comment_count":0,"last_comment_updated_at":null,"project":1,"updated_by":1,"comment_authors":[]},{"id":65,"annotations":[{"id":65,"completed_by":1,"result":[{"value":{"choices":["2-Nehezen érthető"]},"id":"CjxjMQ-qf8","from_name":"sentiment","to_name":"text","type":"choices","origin":"manual"}],"was_cancelled":false,"ground_truth":false,"created_at":"2025-10-16T13:07:26.075864Z","updated_at":"2025-10-16T13:07:26.075890Z","draft_created_at":null,"lead_time":8.934,"prediction":{},"result_count":1,"unique_id":"6a0f59d5-6699-443c-908d-431bf8aa6d38","import_id":null,"last_action":null,"bulk_created":false,"task":65,"project":1,"updated_by":1,"parent_prediction":null,"parent_annotation":null,"last_created_by":null}],"file_upload":"0ad78394-KH_aszf.txt","drafts":[],"predictions":[],"data":{"text":"2.7 A Bank az e-bank azonosító kártya, az e-azonosító szám valamint a szolgáltatás igénybevételéhez szükséges chipkártya-olvasó átvételéről és módjáról értesíti az Ügyfelet\/Felhasználót. Amennyiben az Ügyfél a Bank mindenkori értesítése alapján nem veszi át az elkészített e-bank azonosító kártyát, illetve az e-azonosító számot, a Bank az ebből származó károkért (különösen az e-bank azonosító kártya, illetve e-azonosító szám használati idejének rövidülése) felelősséget nem vállal. A Bank az át nem vett e-bank azonosító kártya, illetve e-azonosító szám vonatkozásában is érvényesíti az e-bank azonosító kártya, illetve e-azonosító szám Hirdetményben meghatározott díját."},"meta":{},"created_at":"2025-10-16T12:38:48.361231Z","updated_at":"2025-10-16T13:07:26.284091Z","inner_id":65,"total_annotations":1,"cancelled_annotations":0,"total_predictions":0,"comment_count":0,"unresolved_comment_count":0,"last_comment_updated_at":null,"project":1,"updated_by":1,"comment_authors":[]},{"id":66,"annotations":[{"id":66,"completed_by":1,"result":[{"value":{"choices":["5-Könnyen érthető"]},"id":"ZQjFuXRFfd","from_name":"sentiment","to_name":"text","type":"choices","origin":"manual"}],"was_cancelled":false,"ground_truth":false,"created_at":"2025-10-16T13:07:35.825462Z","updated_at":"2025-10-16T13:07:35.825485Z","draft_created_at":null,"lead_time":8.949,"prediction":{},"result_count":1,"unique_id":"8fef1537-cb75-4b21-91b7-f21ac829d6f1","import_id":null,"last_action":null,"bulk_created":false,"task":66,"project":1,"updated_by":1,"parent_prediction":null,"parent_annotation":null,"last_created_by":null}],"file_upload":"0ad78394-KH_aszf.txt","drafts":[],"predictions":[],"data":{"text":"2.8 Az Ügyfél\/Felhasználó az ÁSZF-nek megfelelően igénybe vett szolgáltatás esetén a beazonosítást követően adott utasításokat sajátjaként ismeri el, azokért teljes felelősséget vállal."},"meta":{},"created_at":"2025-10-16T12:38:48.361276Z","updated_at":"2025-10-16T13:07:36.030046Z","inner_id":66,"total_annotations":1,"cancelled_annotations":0,"total_predictions":0,"comment_count":0,"unresolved_comment_count":0,"last_comment_updated_at":null,"project":1,"updated_by":1,"comment_authors":[]},{"id":67,"annotations":[{"id":67,"completed_by":1,"result":[{"value":{"choices":["4-Érthető"]},"id":"m5dwhSA5iA","from_name":"sentiment","to_name":"text","type":"choices","origin":"manual"}],"was_cancelled":false,"ground_truth":false,"created_at":"2025-10-16T13:07:50.049759Z","updated_at":"2025-10-16T13:07:50.049782Z","draft_created_at":null,"lead_time":13.43,"prediction":{},"result_count":1,"unique_id":"fac0ba01-da5e-4c90-8e7e-f9ca1e40db8a","import_id":null,"last_action":null,"bulk_created":false,"task":67,"project":1,"updated_by":1,"parent_prediction":null,"parent_annotation":null,"last_created_by":null}],"file_upload":"0ad78394-KH_aszf.txt","drafts":[],"predictions":[],"data":{"text":"2.11 Az Ügyfél az általa a szolgáltatás használatára felhatalmazott Felhasználókat és hozzáférési jogainak terjedelmét az Adatlap elnevezésű nyomtatványon adja meg a Banknak."},"meta":{},"created_at":"2025-10-16T12:38:48.361321Z","updated_at":"2025-10-16T13:07:50.273785Z","inner_id":67,"total_annotations":1,"cancelled_annotations":0,"total_predictions":0,"comment_count":0,"unresolved_comment_count":0,"last_comment_updated_at":null,"project":1,"updated_by":1,"comment_authors":[]},{"id":68,"annotations":[{"id":68,"completed_by":1,"result":[{"value":{"choices":["4-Érthető"]},"id":"UmGBVPRJj7","from_name":"sentiment","to_name":"text","type":"choices","origin":"manual"}],"was_cancelled":false,"ground_truth":false,"created_at":"2025-10-16T13:08:03.206557Z","updated_at":"2025-10-16T13:08:03.206582Z","draft_created_at":null,"lead_time":12.333,"prediction":{},"result_count":1,"unique_id":"de1a2a44-3abb-4bc0-adea-6edb5f5ec175","import_id":null,"last_action":null,"bulk_created":false,"task":68,"project":1,"updated_by":1,"parent_prediction":null,"parent_annotation":null,"last_created_by":null}],"file_upload":"0ad78394-KH_aszf.txt","drafts":[],"predictions":[],"data":{"text":"2.14 Tekintettel arra, hogy az Ügyfél K&H Trambulin 14+ számla esetén korlátozottan cselekvőképes kiskorú személy, a K&H Trambulin e-bank szolgáltatás érvényes igénybevételéhez szükséges, hogy az Ügyfél törvényes képviselője „hozzájáruló nyilatkozatot tegyen és készfizető kezességvállalást vállaljon."},"meta":{},"created_at":"2025-10-16T12:38:48.361368Z","updated_at":"2025-10-16T13:08:03.407708Z","inner_id":68,"total_annotations":1,"cancelled_annotations":0,"total_predictions":0,"comment_count":0,"unresolved_comment_count":0,"last_comment_updated_at":null,"project":1,"updated_by":1,"comment_authors":[]},{"id":69,"annotations":[{"id":69,"completed_by":1,"result":[],"was_cancelled":true,"ground_truth":false,"created_at":"2025-10-16T13:08:07.145677Z","updated_at":"2025-10-16T13:08:07.145699Z","draft_created_at":null,"lead_time":3.147,"prediction":{},"result_count":0,"unique_id":"3e4f24c0-252e-4684-a80b-7e6e6b342640","import_id":null,"last_action":null,"bulk_created":false,"task":69,"project":1,"updated_by":1,"parent_prediction":null,"parent_annotation":null,"last_created_by":null}],"file_upload":"0ad78394-KH_aszf.txt","drafts":[],"predictions":[],"data":{"text":"III. Felek jogai, kötelezettségei, felelőssége, a megbízások kezelése, az azonosítás"},"meta":{},"created_at":"2025-10-16T12:38:48.361413Z","updated_at":"2025-10-16T13:08:07.339840Z","inner_id":69,"total_annotations":0,"cancelled_annotations":1,"total_predictions":0,"comment_count":0,"unresolved_comment_count":0,"last_comment_updated_at":null,"project":1,"updated_by":1,"comment_authors":[]},{"id":70,"annotations":[{"id":70,"completed_by":1,"result":[{"value":{"choices":["3-Többé\/kevésbé megértem"]},"id":"nk7U6vAQnd","from_name":"sentiment","to_name":"text","type":"choices","origin":"manual"}],"was_cancelled":false,"ground_truth":false,"created_at":"2025-10-16T13:08:20.369587Z","updated_at":"2025-10-16T13:08:20.369611Z","draft_created_at":null,"lead_time":12.397,"prediction":{},"result_count":1,"unique_id":"2f5e075c-48a0-4b0b-a8ed-3b4006dc3960","import_id":null,"last_action":null,"bulk_created":false,"task":70,"project":1,"updated_by":1,"parent_prediction":null,"parent_annotation":null,"last_created_by":null}],"file_upload":"0ad78394-KH_aszf.txt","drafts":[],"predictions":[],"data":{"text":"3.1 A Bank biztosítja az Ügyfél\/Felhasználó részére – igényének megfelelően – a Bank tulajdonát képező, a szolgáltatás igénybevételéhez szükséges eszközöket: az e-bank azonosító kártyát és az Olvasót, valamint az ezek használatát bemutató telepítési útmutatót. A szolgáltatás igénybevételét segítő felhasználói kézikönyv lakossági e-bank szolgáltatás esetén a https:\/\/ebank.khb.hu\/lakossag, trambulin e-bank szolgáltatás esetén a https:\/\/ebank.khb.hu\/trambulin, míg vállalkozói e-bank szolgáltatás esetén a https:\/\/ebank.khb.hu\/vallalat oldalon tölthető le. Az olvasó a Bank tulajdonát képezi, az Ügyfél\/Felhasználó, mint birtokos azt csak használatba kapja."},"meta":{},"created_at":"2025-10-16T12:38:48.361459Z","updated_at":"2025-10-16T13:08:20.582574Z","inner_id":70,"total_annotations":1,"cancelled_annotations":0,"total_predictions":0,"comment_count":0,"unresolved_comment_count":0,"last_comment_updated_at":null,"project":1,"updated_by":1,"comment_authors":[]},{"id":71,"annotations":[{"id":71,"completed_by":1,"result":[{"value":{"choices":["4-Érthető"]},"id":"46yPOSGKO6","from_name":"sentiment","to_name":"text","type":"choices","origin":"manual"}],"was_cancelled":false,"ground_truth":false,"created_at":"2025-10-16T13:08:33.548091Z","updated_at":"2025-10-16T13:08:33.548140Z","draft_created_at":null,"lead_time":12.327,"prediction":{},"result_count":1,"unique_id":"001f88bb-ddce-401d-a88b-091c22cea22f","import_id":null,"last_action":null,"bulk_created":false,"task":71,"project":1,"updated_by":1,"parent_prediction":null,"parent_annotation":null,"last_created_by":null}],"file_upload":"0ad78394-KH_aszf.txt","drafts":[],"predictions":[],"data":{"text":"3.2 Az Ügyfél köteles a Bank által rendelkezésére bocsátott olvasót és e-bank azonosító kártyát rendeltetésének megfelelően használni, annak állagát, épségét megőrizni. Az Ügyfél köteles az olvasóban bekövetkezett károkat a Banknak, a Hirdetmény szerint megtéríteni. Az olvasó és az e-bank azonosító kártya használata során az Ügyfél köteles a Bank által a rendelkezésére bocsátott telepítési útmutató szerint eljárni, az abban meghatározott előírásokat betartani."},"meta":{},"created_at":"2025-10-16T12:38:48.361507Z","updated_at":"2025-10-16T13:08:33.767090Z","inner_id":71,"total_annotations":1,"cancelled_annotations":0,"total_predictions":0,"comment_count":0,"unresolved_comment_count":0,"last_comment_updated_at":null,"project":1,"updated_by":1,"comment_authors":[]}]