[{"id":1,"annotations":[{"id":1,"completed_by":1,"result":[{"value":{"choices":["4-Érthető"]},"id":"Y2oYB-vro7","from_name":"sentiment","to_name":"text","type":"choices","origin":"manual"}],"was_cancelled":false,"ground_truth":false,"created_at":"2025-10-16T12:49:12.600529Z","updated_at":"2025-10-16T12:49:12.600606Z","draft_created_at":null,"lead_time":27.962,"prediction":{},"result_count":1,"unique_id":"905b4c4e-d9a2-4a18-9473-342dcdf47214","import_id":null,"last_action":null,"bulk_created":false,"task":1,"project":1,"updated_by":1,"parent_prediction":null,"parent_annotation":null,"last_created_by":null}],"file_upload":"831d97d4-otp_aszf.txt","drafts":[],"predictions":[],"data":{"text":"2. Ügyfélnek tekintendő az a természetes személy, jogi személy vagy jogi személyiséggel nem rendelkező szervezet, akinek az OTP Bank Nyrt. pénzügyi szolgáltatást (ideértve a kiegészítő pénzügyi szolgáltatást is) nyújt, vagy aki az OTP Bank Nyrt. befektetési szolgáltatási tevékenységét (ideértve a kiegészítő szolgáltatását is), vagy a vonatkozó jogszabályok alapján az OTP Bank Nyrt. által nyújtható egyéb szolgáltatását igénybe veszi, illetve aki ilyen szolgáltatás nyújtását kéri az OTP Bank Nyrt.-től."},"meta":{},"created_at":"2025-10-16T12:45:16.940258Z","updated_at":"2025-10-16T12:49:13.074706Z","inner_id":1,"total_annotations":1,"cancelled_annotations":0,"total_predictions":0,"comment_count":0,"unresolved_comment_count":0,"last_comment_updated_at":null,"project":1,"updated_by":1,"comment_authors":[]},{"id":2,"annotations":[{"id":2,"completed_by":1,"result":[{"value":{"choices":["3-Többé\/kevésbé megértem"]},"id":"3_TdrjB5Rs","from_name":"sentiment","to_name":"text","type":"choices","origin":"manual"}],"was_cancelled":false,"ground_truth":false,"created_at":"2025-10-16T12:49:55.232711Z","updated_at":"2025-10-16T12:49:55.232769Z","draft_created_at":null,"lead_time":17.23,"prediction":{},"result_count":1,"unique_id":"2d89c754-4e0a-41db-a053-2f03f287d55d","import_id":null,"last_action":null,"bulk_created":false,"task":2,"project":1,"updated_by":1,"parent_prediction":null,"parent_annotation":null,"last_created_by":null}],"file_upload":"831d97d4-otp_aszf.txt","drafts":[],"predictions":[],"data":{"text":"4. Az OTP Bank Nyrt. az Üzletszabályzatban foglalt jogait és kötelezettségeit mindenkor a hatályos jogszabályok eltérést nem engedő rendelkezéseinek keretei között gyakorolja és teljesíti, az Üzletszabályzat bármely rendelkezése ennek megfelelően értelmezendő."},"meta":{},"created_at":"2025-10-16T12:45:16.940441Z","updated_at":"2025-10-16T12:49:55.723221Z","inner_id":2,"total_annotations":1,"cancelled_annotations":0,"total_predictions":0,"comment_count":0,"unresolved_comment_count":0,"last_comment_updated_at":null,"project":1,"updated_by":1,"comment_authors":[]},{"id":3,"annotations":[{"id":3,"completed_by":1,"result":[{"value":{"choices":["4-Érthető"]},"id":"ulzLiVmhDJ","from_name":"sentiment","to_name":"text","type":"choices","origin":"manual"}],"was_cancelled":false,"ground_truth":false,"created_at":"2025-10-16T12:50:20.088589Z","updated_at":"2025-10-16T12:50:20.088652Z","draft_created_at":null,"lead_time":19.86,"prediction":{},"result_count":1,"unique_id":"41fd91d3-0233-463f-8ff0-1605999bf6c0","import_id":null,"last_action":null,"bulk_created":false,"task":3,"project":1,"updated_by":1,"parent_prediction":null,"parent_annotation":null,"last_created_by":null}],"file_upload":"831d97d4-otp_aszf.txt","drafts":[],"predictions":[],"data":{"text":"6. Amennyiben az OTP Bank Nyrt. valamely szolgáltatását megszünteti, az ezen szolgáltatásra az Ügyféllel kötött szerződést 30 napos felmondási idővel jogosult megszüntetni."},"meta":{},"created_at":"2025-10-16T12:45:16.940557Z","updated_at":"2025-10-16T12:50:20.493973Z","inner_id":3,"total_annotations":1,"cancelled_annotations":0,"total_predictions":0,"comment_count":0,"unresolved_comment_count":0,"last_comment_updated_at":null,"project":1,"updated_by":1,"comment_authors":[]},{"id":4,"annotations":[{"id":4,"completed_by":1,"result":[{"value":{"choices":["5-Könnyen érthető"]},"id":"mNJfRS6oru","from_name":"sentiment","to_name":"text","type":"choices","origin":"manual"}],"was_cancelled":false,"ground_truth":false,"created_at":"2025-10-16T12:50:42.210083Z","updated_at":"2025-10-16T12:50:42.210136Z","draft_created_at":null,"lead_time":14.985,"prediction":{},"result_count":1,"unique_id":"e09b46ff-7ff1-4196-b5a1-baf121e939ec","import_id":null,"last_action":null,"bulk_created":false,"task":4,"project":1,"updated_by":1,"parent_prediction":null,"parent_annotation":null,"last_created_by":null}],"file_upload":"831d97d4-otp_aszf.txt","drafts":[],"predictions":[],"data":{"text":"1. Az OTP Bank Nyrt. jogosult meggyőződni az Ügyfél, illetőleg képviselője személyazonosságáról. E célból kérheti, hogy az Ügyfél vagy képviselője személyazonosságát hitelt érdemlően igazolja."},"meta":{},"created_at":"2025-10-16T12:45:16.940720Z","updated_at":"2025-10-16T12:50:42.695270Z","inner_id":4,"total_annotations":1,"cancelled_annotations":0,"total_predictions":0,"comment_count":0,"unresolved_comment_count":0,"last_comment_updated_at":null,"project":1,"updated_by":1,"comment_authors":[]},{"id":5,"annotations":[{"id":5,"completed_by":1,"result":[{"value":{"choices":["2-Nehezen érthető"]},"id":"i2hqkmtwfS","from_name":"sentiment","to_name":"text","type":"choices","origin":"manual"}],"was_cancelled":false,"ground_truth":false,"created_at":"2025-10-16T12:51:29.030724Z","updated_at":"2025-10-16T12:51:29.030790Z","draft_created_at":null,"lead_time":43.132,"prediction":{},"result_count":1,"unique_id":"4ff04c13-5855-47e7-b930-e952cdf4ec99","import_id":null,"last_action":null,"bulk_created":false,"task":5,"project":1,"updated_by":1,"parent_prediction":null,"parent_annotation":null,"last_created_by":null}],"file_upload":"831d97d4-otp_aszf.txt","drafts":[],"predictions":[],"data":{"text":"2. Az OTP Bank Nyrt. a pénzmosás és a terrorizmus finanszírozása megelőzéséről és megakadályozásáról szóló jogszabály szerinti ügyfél-azonosítás rendjéről hirdetményben tájékoztatja Ügyfeleit."},"meta":{},"created_at":"2025-10-16T12:45:16.940891Z","updated_at":"2025-10-16T12:51:29.504767Z","inner_id":5,"total_annotations":1,"cancelled_annotations":0,"total_predictions":0,"comment_count":0,"unresolved_comment_count":0,"last_comment_updated_at":null,"project":1,"updated_by":1,"comment_authors":[]},{"id":6,"annotations":[{"id":6,"completed_by":1,"result":[{"value":{"choices":["3-Többé\/kevésbé megértem"]},"id":"3DS07XvEaE","from_name":"sentiment","to_name":"text","type":"choices","origin":"manual"}],"was_cancelled":false,"ground_truth":false,"created_at":"2025-10-16T12:52:07.051749Z","updated_at":"2025-10-16T12:52:07.051814Z","draft_created_at":null,"lead_time":33.101,"prediction":{},"result_count":1,"unique_id":"b6b0830c-2433-4408-b8e3-3b80e923cb08","import_id":null,"last_action":null,"bulk_created":false,"task":6,"project":1,"updated_by":1,"parent_prediction":null,"parent_annotation":null,"last_created_by":null}],"file_upload":"831d97d4-otp_aszf.txt","drafts":[],"predictions":[],"data":{"text":"3. Az OTP Bank Nyrt. - a telefonos csatornán, illetve az OTP Bank Nyrt. honlapján elérhető OTP Chat szolgáltatásban - a mindenkori Soft azonosítás keretében elérhető szolgáltatások köréről szóló Hirdetményekben meghatározott banki és egyéb műveletek lebonyolítását vállalja."},"meta":{},"created_at":"2025-10-16T12:45:16.941010Z","updated_at":"2025-10-16T12:52:07.512177Z","inner_id":6,"total_annotations":1,"cancelled_annotations":0,"total_predictions":0,"comment_count":0,"unresolved_comment_count":0,"last_comment_updated_at":null,"project":1,"updated_by":1,"comment_authors":[]},{"id":7,"annotations":[{"id":7,"completed_by":1,"result":[{"value":{"choices":["1-Nagyon nehezen érthető"]},"id":"WxiUyoKeLF","from_name":"sentiment","to_name":"text","type":"choices","origin":"manual"}],"was_cancelled":false,"ground_truth":false,"created_at":"2025-10-16T12:53:48.118836Z","updated_at":"2025-10-16T12:53:48.118897Z","draft_created_at":null,"lead_time":96.251,"prediction":{},"result_count":1,"unique_id":"a14fac8a-06ef-436c-aa24-bc8e2be42363","import_id":null,"last_action":null,"bulk_created":false,"task":7,"project":1,"updated_by":1,"parent_prediction":null,"parent_annotation":null,"last_created_by":null}],"file_upload":"831d97d4-otp_aszf.txt","drafts":[],"predictions":[],"data":{"text":"5. Az OTP Bank Nyrt. jogosult meggyőződni az Ügyfél képviselőjének képviseleti jogáról. E célból kérheti, hogy az Ügyfél képviselője képviseleti jogát hitelt érdemlően igazolja. Az OTP Bank Nyrt. a hozzá bejelentett képviselőket mindaddig az Ügyfél képviselőjének tekinti, amíg a képviseleti jog visszavonásáról vagy annak egyéb módon történő megszűnéséről szóló írásbeli értesítés az OTP Bank Nyrt. megfelelő szervéhez be nem érkezik. Amennyiben a képviseleti jogot igazoló okiratból kétséget kizáróan ki nem tűnik, úgy a képviselő képviseleti jogának korlátozása – jogszabály ellenkező rendelkezése hiányában – az OTP Bank Nyrt.-vel szemben hatálytalan."},"meta":{},"created_at":"2025-10-16T12:45:16.941128Z","updated_at":"2025-10-16T12:53:48.588853Z","inner_id":7,"total_annotations":1,"cancelled_annotations":0,"total_predictions":0,"comment_count":0,"unresolved_comment_count":0,"last_comment_updated_at":null,"project":1,"updated_by":1,"comment_authors":[]},{"id":8,"annotations":[{"id":8,"completed_by":1,"result":[{"value":{"choices":["3-Többé\/kevésbé megértem"]},"id":"-ZH6bhoW3v","from_name":"sentiment","to_name":"text","type":"choices","origin":"manual"}],"was_cancelled":false,"ground_truth":false,"created_at":"2025-10-16T12:54:24.355153Z","updated_at":"2025-10-16T12:54:24.355213Z","draft_created_at":null,"lead_time":32.064,"prediction":{},"result_count":1,"unique_id":"010b1d07-f2f1-460c-acb5-1feec198d96e","import_id":null,"last_action":null,"bulk_created":false,"task":8,"project":1,"updated_by":1,"parent_prediction":null,"parent_annotation":null,"last_created_by":null}],"file_upload":"831d97d4-otp_aszf.txt","drafts":[],"predictions":[],"data":{"text":"8. Az OTP Bank Nyrt. a nem Magyarország területén, és nem Magyarország joghatósága alatt készült meghatalmazást a III.8-9. pontban meghatározott formában fogad el. Az OTP Bank Nyrt. a külügyekért felelős miniszter által arra felhatalmazott konzul készítette konzuli tanúsítványt, valamint az arra felhatalmazott tiszteletbeli konzul által készített konzuli tanúsítványt Magyarország területén kiállított okiratnak tekinti."},"meta":{},"created_at":"2025-10-16T12:45:16.941242Z","updated_at":"2025-10-16T12:54:24.845365Z","inner_id":8,"total_annotations":1,"cancelled_annotations":0,"total_predictions":0,"comment_count":0,"unresolved_comment_count":0,"last_comment_updated_at":null,"project":1,"updated_by":1,"comment_authors":[]},{"id":9,"annotations":[{"id":9,"completed_by":1,"result":[{"value":{"choices":["1-Nagyon nehezen érthető"]},"id":"raxLsLMf_9","from_name":"sentiment","to_name":"text","type":"choices","origin":"manual"}],"was_cancelled":false,"ground_truth":false,"created_at":"2025-10-16T12:55:34.793507Z","updated_at":"2025-10-16T12:55:34.793561Z","draft_created_at":null,"lead_time":65.496,"prediction":{},"result_count":1,"unique_id":"0be5ecd6-d01b-48f2-a977-eb18bee84257","import_id":null,"last_action":null,"bulk_created":false,"task":9,"project":1,"updated_by":1,"parent_prediction":null,"parent_annotation":null,"last_created_by":null}],"file_upload":"831d97d4-otp_aszf.txt","drafts":[],"predictions":[],"data":{"text":"13. A pénzügyi és egyéb szolgáltatók azonosítási feladatához kapcsolódó adatszolgáltatási háttér megteremtéséről és működtetéséről szóló 2021. évi XLIII. törvényben (a továbbiakban: Afad tv.) foglaltak alapján az OTP Bank Nyrt. a nyilvántartó szerv Afad tv. 14. § (1) bekezdés szerinti közzététele alapján megtagadja a „megbízhatatlan” minősítésű tényleges tulajdonosi adatokkal rendelkező adatszolgáltató által kezdeményezett, négymillió-ötszázezer forintot elérő összegű ügylet teljesítését."},"meta":{},"created_at":"2025-10-16T12:45:16.941359Z","updated_at":"2025-10-16T12:55:35.224264Z","inner_id":9,"total_annotations":1,"cancelled_annotations":0,"total_predictions":0,"comment_count":0,"unresolved_comment_count":0,"last_comment_updated_at":null,"project":1,"updated_by":1,"comment_authors":[]},{"id":10,"annotations":[{"id":10,"completed_by":1,"result":[{"value":{"choices":["4-Érthető"]},"id":"D7zXiVNzk_","from_name":"sentiment","to_name":"text","type":"choices","origin":"manual"}],"was_cancelled":false,"ground_truth":false,"created_at":"2025-10-16T12:56:45.361103Z","updated_at":"2025-10-16T12:56:45.361235Z","draft_created_at":null,"lead_time":67.107,"prediction":{},"result_count":1,"unique_id":"f59c74a8-70e1-45da-9792-3fcc1bb552e1","import_id":null,"last_action":null,"bulk_created":false,"task":10,"project":1,"updated_by":1,"parent_prediction":null,"parent_annotation":null,"last_created_by":null}],"file_upload":"831d97d4-otp_aszf.txt","drafts":[],"predictions":[],"data":{"text":"1. Az OTP Bank Nyrt. és az Ügyfél szerződéses kapcsolataikban megfelelően együttműködnek és így a bankügylet szempontjából jelentős tényekről, azok változásáról egymást késedelem nélkül értesítik. Az OTP Bank Nyrt. az együttműködés és a tájékoztatás során az olyan Ügyfél magatartását veszi alapul, aki észszerűen tájékozottan, az adott helyzetben általában elvárható figyelmességgel és körültekintéssel jár el."},"meta":{},"created_at":"2025-10-16T12:45:16.941472Z","updated_at":"2025-10-16T12:56:45.849049Z","inner_id":10,"total_annotations":1,"cancelled_annotations":0,"total_predictions":0,"comment_count":0,"unresolved_comment_count":0,"last_comment_updated_at":null,"project":1,"updated_by":1,"comment_authors":[]},{"id":11,"annotations":[{"id":11,"completed_by":1,"result":[{"value":{"choices":["4-Érthető"]},"id":"S4KIAVNsJJ","from_name":"sentiment","to_name":"text","type":"choices","origin":"manual"}],"was_cancelled":false,"ground_truth":false,"created_at":"2025-10-16T12:57:13.924368Z","updated_at":"2025-10-16T12:57:13.924546Z","draft_created_at":null,"lead_time":22.94,"prediction":{},"result_count":1,"unique_id":"b3939703-01e7-4a3f-93e9-9f84a1823667","import_id":null,"last_action":null,"bulk_created":false,"task":11,"project":1,"updated_by":1,"parent_prediction":null,"parent_annotation":null,"last_created_by":null}],"file_upload":"831d97d4-otp_aszf.txt","drafts":[],"predictions":[],"data":{"text":"2. Az ügylettel összefüggő egymáshoz intézett kérdésekre kötelesek legkésőbb 30 napon belül választ adni, és felhívni egymás figyelmét az esetleges tévedésekre, mulasztásokra."},"meta":{},"created_at":"2025-10-16T12:45:16.941580Z","updated_at":"2025-10-16T12:57:14.427422Z","inner_id":11,"total_annotations":1,"cancelled_annotations":0,"total_predictions":0,"comment_count":0,"unresolved_comment_count":0,"last_comment_updated_at":null,"project":1,"updated_by":1,"comment_authors":[]},{"id":12,"annotations":[{"id":12,"completed_by":1,"result":[{"value":{"choices":["3-Többé\/kevésbé megértem"]},"id":"fqx5Q0ZzWL","from_name":"sentiment","to_name":"text","type":"choices","origin":"manual"}],"was_cancelled":false,"ground_truth":false,"created_at":"2025-10-16T12:57:44.400797Z","updated_at":"2025-10-16T12:57:44.400856Z","draft_created_at":null,"lead_time":26.601,"prediction":{},"result_count":1,"unique_id":"ee211fa4-4ab1-4a14-89f6-1a0dcb3c7354","import_id":null,"last_action":null,"bulk_created":false,"task":12,"project":1,"updated_by":1,"parent_prediction":null,"parent_annotation":null,"last_created_by":null}],"file_upload":"831d97d4-otp_aszf.txt","drafts":[],"predictions":[],"data":{"text":"3. Az OTP Bank Nyrt. bármilyen jog vagy tény fennállását igazoló okirat esetében kérheti 30 (harminc) napnál nem régebbi keltezésű eredeti példány rendelkezésre bocsátását."},"meta":{},"created_at":"2025-10-16T12:45:16.941770Z","updated_at":"2025-10-16T12:57:44.900562Z","inner_id":12,"total_annotations":1,"cancelled_annotations":0,"total_predictions":0,"comment_count":0,"unresolved_comment_count":0,"last_comment_updated_at":null,"project":1,"updated_by":1,"comment_authors":[]},{"id":13,"annotations":[{"id":13,"completed_by":1,"result":[{"value":{"choices":["2-Nehezen érthető"]},"id":"1UedVO6Pv9","from_name":"sentiment","to_name":"text","type":"choices","origin":"manual"}],"was_cancelled":false,"ground_truth":false,"created_at":"2025-10-16T13:00:19.684183Z","updated_at":"2025-10-16T13:00:19.684243Z","draft_created_at":null,"lead_time":95.836,"prediction":{},"result_count":1,"unique_id":"e967f9e7-71a5-4ba2-8598-ddeeecf7b08f","import_id":null,"last_action":null,"bulk_created":false,"task":13,"project":1,"updated_by":1,"parent_prediction":null,"parent_annotation":null,"last_created_by":null}],"file_upload":"831d97d4-otp_aszf.txt","drafts":[],"predictions":[],"data":{"text":"4. Az OTP Bank Nyrt. hatósági igazolványt és hatósági bizonyítványt az abban foglalt érvényességi idő lejártának napjáig fogad el. Amennyiben az adott ügyletre vonatkozó szerződés, üzletági üzletszabályzat vagy az Üzletszabályzat kifejezetten eltérően nem rendelkezik, érvényességi időt nem tartalmazó hatósági bizonyítványt az OTP Bank Nyrt. kizárólag 30 (harminc) napnál nem régebbi keltezéssel fogad el."},"meta":{},"created_at":"2025-10-16T12:45:16.941918Z","updated_at":"2025-10-16T13:00:20.169267Z","inner_id":13,"total_annotations":1,"cancelled_annotations":0,"total_predictions":0,"comment_count":0,"unresolved_comment_count":0,"last_comment_updated_at":null,"project":1,"updated_by":1,"comment_authors":[]},{"id":14,"annotations":[{"id":14,"completed_by":1,"result":[{"value":{"choices":["3-Többé\/kevésbé megértem"]},"id":"fu8lMeatj4","from_name":"sentiment","to_name":"text","type":"choices","origin":"manual"}],"was_cancelled":false,"ground_truth":false,"created_at":"2025-10-16T13:00:49.929484Z","updated_at":"2025-10-16T13:00:49.929547Z","draft_created_at":null,"lead_time":25.93,"prediction":{},"result_count":1,"unique_id":"88eabad8-8ee8-4c0d-afab-d8450e27caa3","import_id":null,"last_action":null,"bulk_created":false,"task":14,"project":1,"updated_by":1,"parent_prediction":null,"parent_annotation":null,"last_created_by":null}],"file_upload":"831d97d4-otp_aszf.txt","drafts":[],"predictions":[],"data":{"text":"6. Amennyiben az adott ügyletre vonatkozó szerződés, üzletági üzletszabályzat vagy az Üzletszabályzat kifejezetten eltérően nem rendelkezik, akkor okiraton, nyilatkozaton, értesítésen papír alapú okiratot kell érteni. Az OTP Bank Nyrt. elektronikus okiratot a jogszabályok által előírt körben és a vonatkozó üzletági üzletszabályzatban, egyedi szerződésben meghatározott módon fogad el."},"meta":{},"created_at":"2025-10-16T12:45:16.942034Z","updated_at":"2025-10-16T13:00:50.417040Z","inner_id":14,"total_annotations":1,"cancelled_annotations":0,"total_predictions":0,"comment_count":0,"unresolved_comment_count":0,"last_comment_updated_at":null,"project":1,"updated_by":1,"comment_authors":[]},{"id":15,"annotations":[{"id":15,"completed_by":1,"result":[{"value":{"choices":["1-Nagyon nehezen érthető"]},"id":"JvUGyjFqEp","from_name":"sentiment","to_name":"text","type":"choices","origin":"manual"}],"was_cancelled":false,"ground_truth":false,"created_at":"2025-10-16T13:02:10.927835Z","updated_at":"2025-10-16T13:02:10.927895Z","draft_created_at":null,"lead_time":76.766,"prediction":{},"result_count":1,"unique_id":"d074a2af-3b13-4397-8e56-24cce02e5aa9","import_id":null,"last_action":null,"bulk_created":false,"task":15,"project":1,"updated_by":1,"parent_prediction":null,"parent_annotation":null,"last_created_by":null}],"file_upload":"831d97d4-otp_aszf.txt","drafts":[],"predictions":[],"data":{"text":"8. Az OTP Bank Nyrt. nem Magyarország területén, illetve nem Magyarország joghatósága alatt kiállított közokiratot - nemzetközi szerződés eltérő rendelkezése hiányában – kizárólag diplomáciai felülhitelesítéssel ellátott vagy a külföldön felhasználásra kerülő közokiratok diplomáciai vagy konzuli hitelesítésének (felülhitelesítésének) mellőzéséről Hágában, az 1961. október 5. napján kelt egyezmény kihirdetéséről szóló 1973. évi 11. törvényerejű rendelet szabályai szerinti Apostille-záradékkal ellátott formában fogad el."},"meta":{},"created_at":"2025-10-16T12:45:16.942151Z","updated_at":"2025-10-16T13:02:11.987469Z","inner_id":15,"total_annotations":1,"cancelled_annotations":0,"total_predictions":0,"comment_count":0,"unresolved_comment_count":0,"last_comment_updated_at":null,"project":1,"updated_by":1,"comment_authors":[]},{"id":16,"annotations":[{"id":16,"completed_by":1,"result":[{"value":{"choices":["2-Nehezen érthető"]},"id":"L__Q71AJjD","from_name":"sentiment","to_name":"text","type":"choices","origin":"manual"}],"was_cancelled":false,"ground_truth":false,"created_at":"2025-10-16T13:04:32.487203Z","updated_at":"2025-10-16T13:04:32.487270Z","draft_created_at":null,"lead_time":137.337,"prediction":{},"result_count":1,"unique_id":"712c4da5-a48a-44fd-ac75-d08c2f10f730","import_id":null,"last_action":null,"bulk_created":false,"task":16,"project":1,"updated_by":1,"parent_prediction":null,"parent_annotation":null,"last_created_by":null}],"file_upload":"831d97d4-otp_aszf.txt","drafts":[],"predictions":[],"data":{"text":"9. Amennyiben nemzetközi szerződés a külföldön kiállított okiratnak a 8. pontban meghatározottól eltérő formában való elfogadását írja elő, úgy a nemzetközi szerződés fennállását, hatályát és tartalmát az OTP Bank Nyrt. – az Ügyfél közreműködésével – vizsgálja. Ennek keretében az Ügyfelet az OTP Bank Nyrt. felkérheti az Ügyfél által hivatkozott nemzetközi szerződés megjelölésére, annak igazolására, hogy a nemzetközi szerződés személyi, tárgyi és időbeli hatálya az ügyben alkalmazandó, valamint annak közlésére, hogy mely okirati körre vonatkozóan írja elő a nemzetközi szerződés a 8. pontban meghatározottaktól eltérő okirati forma elfogadását."},"meta":{},"created_at":"2025-10-16T12:45:16.942264Z","updated_at":"2025-10-16T13:04:32.947595Z","inner_id":16,"total_annotations":1,"cancelled_annotations":0,"total_predictions":0,"comment_count":0,"unresolved_comment_count":0,"last_comment_updated_at":null,"project":1,"updated_by":1,"comment_authors":[]},{"id":17,"annotations":[{"id":17,"completed_by":1,"result":[{"value":{"choices":["5-Könnyen érthető"]},"id":"rGRzJB-Jk5","from_name":"sentiment","to_name":"text","type":"choices","origin":"manual"}],"was_cancelled":false,"ground_truth":false,"created_at":"2025-10-16T13:04:56.927171Z","updated_at":"2025-10-16T13:04:56.927284Z","draft_created_at":null,"lead_time":13.444,"prediction":{},"result_count":1,"unique_id":"993e86a9-1f8a-498e-804f-553d8f912603","import_id":null,"last_action":null,"bulk_created":false,"task":17,"project":1,"updated_by":1,"parent_prediction":null,"parent_annotation":null,"last_created_by":null}],"file_upload":"831d97d4-otp_aszf.txt","drafts":[],"predictions":[],"data":{"text":"10. Nem magyar nyelven kiállított okirat esetében az OTP Bank Nyrt. jogosult az Ügyféltől az okiratról az Országos Fordító és Fordításhitelesítő Iroda (OFFI), vagy magyarországi szakfordító, vagy szakfordító-lektor által készített hiteles fordítást kérni, amelynek költségei az Ügyfelet terhelik. A szakfordítótól és szakfordító lektortól származó fordítás esetén csatolni kell a szakfordítói és tolmácsi képesítést igazoló okmány másolatát."},"meta":{},"created_at":"2025-10-16T12:45:16.942374Z","updated_at":"2025-10-16T13:04:57.397009Z","inner_id":17,"total_annotations":1,"cancelled_annotations":0,"total_predictions":0,"comment_count":0,"unresolved_comment_count":0,"last_comment_updated_at":null,"project":1,"updated_by":1,"comment_authors":[]},{"id":18,"annotations":[{"id":18,"completed_by":1,"result":[{"value":{"choices":["4-Érthető"]},"id":"e26kIk7URa","from_name":"sentiment","to_name":"text","type":"choices","origin":"manual"}],"was_cancelled":false,"ground_truth":false,"created_at":"2025-10-16T13:05:38.817321Z","updated_at":"2025-10-16T13:05:38.817443Z","draft_created_at":null,"lead_time":38.175,"prediction":{},"result_count":1,"unique_id":"4c9f0de1-92ef-4b88-a25c-0ddbd088596d","import_id":null,"last_action":null,"bulk_created":false,"task":18,"project":1,"updated_by":1,"parent_prediction":null,"parent_annotation":null,"last_created_by":null}],"file_upload":"831d97d4-otp_aszf.txt","drafts":[],"predictions":[],"data":{"text":"11. Írni nem tudó vagy nem képes személy írásbeli jognyilatkozata abban az esetben érvényes, ha azt közokirat vagy olyan teljes bizonyító erejű magánokirat tartalmazza, amelyen a nyilatkozó fél aláírását vagy kézjegyét bíróság vagy közjegyző hitelesíti, vagy amelyen ügyvéd ellenjegyzéssel vagy két tanú aláírással igazolja, hogy a nyilatkozó fél a nem általa írt okiratot előttük írta alá vagy látta el kézjegyével, vagy az okiraton lévő aláírást vagy kézjegyet előttük saját aláírásának vagy kézjegyének ismerte el. Az olvasni nem tudó, továbbá az olyan személy esetén, aki nem érti azt a nyelvet, amelyen az írásbeli nyilatkozatát tartalmazó okirat készült, az írásbeli jognyilatkozat érvényességének további feltétele, hogy magából az okiratból kitűnjön, hogy annak tartalmát a tanúk egyike vagy a hitelesítő személy a nyilatkozó félnek megmagyarázta."},"meta":{},"created_at":"2025-10-16T12:45:16.942488Z","updated_at":"2025-10-16T13:05:39.314957Z","inner_id":18,"total_annotations":1,"cancelled_annotations":0,"total_predictions":0,"comment_count":0,"unresolved_comment_count":0,"last_comment_updated_at":null,"project":1,"updated_by":1,"comment_authors":[]},{"id":19,"annotations":[{"id":19,"completed_by":1,"result":[{"value":{"choices":["2-Nehezen érthető"]},"id":"TGc_jsdLTq","from_name":"sentiment","to_name":"text","type":"choices","origin":"manual"}],"was_cancelled":false,"ground_truth":false,"created_at":"2025-10-16T13:07:48.232133Z","updated_at":"2025-10-16T13:07:48.232193Z","draft_created_at":null,"lead_time":124.516,"prediction":{},"result_count":1,"unique_id":"d4ca80fb-03f4-4952-b823-03d0ec96e6f7","import_id":null,"last_action":null,"bulk_created":false,"task":19,"project":1,"updated_by":1,"parent_prediction":null,"parent_annotation":null,"last_created_by":null}],"file_upload":"831d97d4-otp_aszf.txt","drafts":[],"predictions":[],"data":{"text":"18. Az OTP Bank Nyrt. egyes, jogszabály által eltérő formához nem kötött, kötelezettségvállalással nem járó jognyilatkozatait a nyilatkozat megtételére jogosultak szkennelt aláírásainak dokumentumon történő elhelyezésével teszi meg."},"meta":{},"created_at":"2025-10-16T12:45:16.942597Z","updated_at":"2025-10-16T13:07:48.715530Z","inner_id":19,"total_annotations":1,"cancelled_annotations":0,"total_predictions":0,"comment_count":0,"unresolved_comment_count":0,"last_comment_updated_at":null,"project":1,"updated_by":1,"comment_authors":[]},{"id":20,"annotations":[{"id":20,"completed_by":1,"result":[{"value":{"choices":["3-Többé\/kevésbé megértem"]},"id":"VRQHey0DdC","from_name":"sentiment","to_name":"text","type":"choices","origin":"manual"}],"was_cancelled":false,"ground_truth":false,"created_at":"2025-10-16T13:08:19.718363Z","updated_at":"2025-10-16T13:08:19.718592Z","draft_created_at":null,"lead_time":27.38,"prediction":{},"result_count":1,"unique_id":"f18b5dab-1929-4d92-99f8-9f2a4b9fb55d","import_id":null,"last_action":null,"bulk_created":false,"task":20,"project":1,"updated_by":1,"parent_prediction":null,"parent_annotation":null,"last_created_by":null}],"file_upload":"831d97d4-otp_aszf.txt","drafts":[],"predictions":[],"data":{"text":"21. Az OTP Bank Nyrt. a halál tényéről történő, hitelt érdemlő tudomásszerzést követően a képviselő rendelkezését nem teljesíti. Az Ügyfél elhalálozásának tényéről való tudomásszerzést megelőzően, de az Ügyfél halálát követően, a képviselő által kezdeményezett bármely rendelkezésnek az OTP Bank Nyrt. általi teljesítésével összefüggő minden költség, kár, illetve egyéb kötelezettség, jogkövetkezmény az örökösöket és a képviselőt terheli, azért az OTP Bank Nyrt. felelősséget nem vállal."},"meta":{},"created_at":"2025-10-16T12:45:16.942757Z","updated_at":"2025-10-16T13:08:20.235247Z","inner_id":20,"total_annotations":1,"cancelled_annotations":0,"total_predictions":0,"comment_count":0,"unresolved_comment_count":0,"last_comment_updated_at":null,"project":1,"updated_by":1,"comment_authors":[]},{"id":21,"annotations":[{"id":21,"completed_by":1,"result":[{"value":{"choices":["3-Többé\/kevésbé megértem"]},"id":"dSQVhxFsQL","from_name":"sentiment","to_name":"text","type":"choices","origin":"manual"}],"was_cancelled":false,"ground_truth":false,"created_at":"2025-10-16T13:08:57.082993Z","updated_at":"2025-10-16T13:08:57.083056Z","draft_created_at":null,"lead_time":26.222,"prediction":{},"result_count":1,"unique_id":"f6c42055-1f11-420c-8d18-8f09a66ae03c","import_id":null,"last_action":null,"bulk_created":false,"task":21,"project":1,"updated_by":1,"parent_prediction":null,"parent_annotation":null,"last_created_by":null}],"file_upload":"831d97d4-otp_aszf.txt","drafts":[],"predictions":[],"data":{"text":"23.1 Az Ügyfél kijelenti, hogy ismeri és betartja az OTP Bankcsoport Szankciós Politikáját és az OTP Bank Nyrt. közreműködésével végrehajtott tranzakciókra mindenkor hatályos jogszabályokat."},"meta":{},"created_at":"2025-10-16T12:45:16.942928Z","updated_at":"2025-10-16T13:08:57.572724Z","inner_id":21,"total_annotations":1,"cancelled_annotations":0,"total_predictions":0,"comment_count":0,"unresolved_comment_count":0,"last_comment_updated_at":null,"project":1,"updated_by":1,"comment_authors":[]},{"id":22,"annotations":[{"id":22,"completed_by":1,"result":[{"value":{"choices":["4-Érthető"]},"id":"db8UAEwJvD","from_name":"sentiment","to_name":"text","type":"choices","origin":"manual"}],"was_cancelled":false,"ground_truth":false,"created_at":"2025-10-16T13:09:35.979657Z","updated_at":"2025-10-16T13:09:35.979722Z","draft_created_at":null,"lead_time":35.148,"prediction":{},"result_count":1,"unique_id":"220ad72e-2333-463c-a9b3-d15b66204e91","import_id":null,"last_action":null,"bulk_created":false,"task":22,"project":1,"updated_by":1,"parent_prediction":null,"parent_annotation":null,"last_created_by":null}],"file_upload":"831d97d4-otp_aszf.txt","drafts":[],"predictions":[],"data":{"text":"4. A kamat, jutalék, díj és költség - ha jogszabály, a szerződés, hirdetmény vagy üzletági üzletszabályzat eltérően nem rendelkezik - utólag a naptári negyedév utolsó napján esedékes. Ha a szerződés bármely ok miatt negyedév közben jár le vagy szűnik meg, az esedékesség ebben az időpontban bekövetkezik."},"meta":{},"created_at":"2025-10-16T12:45:16.943049Z","updated_at":"2025-10-16T13:09:36.407541Z","inner_id":22,"total_annotations":1,"cancelled_annotations":0,"total_predictions":0,"comment_count":0,"unresolved_comment_count":0,"last_comment_updated_at":null,"project":1,"updated_by":1,"comment_authors":[]},{"id":23,"annotations":[{"id":23,"completed_by":1,"result":[{"value":{"choices":["4-Érthető"]},"id":"mSS-ybPnqv","from_name":"sentiment","to_name":"text","type":"choices","origin":"manual"}],"was_cancelled":false,"ground_truth":false,"created_at":"2025-10-16T13:10:31.347859Z","updated_at":"2025-10-16T13:10:31.347917Z","draft_created_at":null,"lead_time":51.885,"prediction":{},"result_count":1,"unique_id":"fbbeb06c-e632-494c-b9b5-a217499478c3","import_id":null,"last_action":null,"bulk_created":false,"task":23,"project":1,"updated_by":1,"parent_prediction":null,"parent_annotation":null,"last_created_by":null}],"file_upload":"831d97d4-otp_aszf.txt","drafts":[],"predictions":[],"data":{"text":"7. Az OTP Bank Nyrt. a jogszabályi előírásoknak megfelelően az egységes értékpapír hozam mutatót (EHM) is közzéteszi, amennyiben erre jogszabály alapján köteles. Az EHM az egyes értékpapír ajánlatok összehasonlítására, az Ügyfél megfelelő tájékoztatására szolgál."},"meta":{},"created_at":"2025-10-16T12:45:16.943159Z","updated_at":"2025-10-16T13:10:32.124656Z","inner_id":23,"total_annotations":1,"cancelled_annotations":0,"total_predictions":0,"comment_count":0,"unresolved_comment_count":0,"last_comment_updated_at":null,"project":1,"updated_by":1,"comment_authors":[]},{"id":24,"annotations":[{"id":24,"completed_by":1,"result":[{"value":{"choices":["5-Könnyen érthető"]},"id":"tm1g2WlX7s","from_name":"sentiment","to_name":"text","type":"choices","origin":"manual"}],"was_cancelled":false,"ground_truth":false,"created_at":"2025-10-16T13:11:49.729746Z","updated_at":"2025-10-16T13:11:49.729802Z","draft_created_at":null,"lead_time":73.809,"prediction":{},"result_count":1,"unique_id":"fbeca227-a55e-46fa-95e3-fe40e4212d8a","import_id":null,"last_action":null,"bulk_created":false,"task":24,"project":1,"updated_by":1,"parent_prediction":null,"parent_annotation":null,"last_created_by":null}],"file_upload":"831d97d4-otp_aszf.txt","drafts":[],"predictions":[],"data":{"text":"2. Az OTP Bank Nyrt. által vezetett számlák javára történő bármely fizetés (pl. postai befizetés, betételhelyezés, törlesztés stb.) teljesítésének időpontja az a nap, amelyen a pénz az OTP Bank Nyrt.-hez megérkezik, illetve a pénztárba befizetik."},"meta":{},"created_at":"2025-10-16T12:45:16.943267Z","updated_at":"2025-10-16T13:11:50.791370Z","inner_id":24,"total_annotations":1,"cancelled_annotations":0,"total_predictions":0,"comment_count":0,"unresolved_comment_count":0,"last_comment_updated_at":null,"project":1,"updated_by":1,"comment_authors":[]},{"id":25,"annotations":[{"id":25,"completed_by":1,"result":[{"value":{"choices":["4-Érthető"]},"id":"9boKKi10wr","from_name":"sentiment","to_name":"text","type":"choices","origin":"manual"}],"was_cancelled":false,"ground_truth":false,"created_at":"2025-10-16T13:13:29.302333Z","updated_at":"2025-10-16T13:13:29.302394Z","draft_created_at":null,"lead_time":25.966,"prediction":{},"result_count":1,"unique_id":"854b8fe7-3515-4c13-8466-a883d72cde1f","import_id":null,"last_action":null,"bulk_created":false,"task":25,"project":1,"updated_by":1,"parent_prediction":null,"parent_annotation":null,"last_created_by":null}],"file_upload":"831d97d4-otp_aszf.txt","drafts":[],"predictions":[],"data":{"text":"1. Az OTP Bank Nyrt. az egyes Ügyfeleiről rendelkezésére álló minden olyan adatot, tényt, információt, amely az Ügyfél személyére, adataira, vagyoni helyzetére, üzleti tevékenységére, gazdálkodására, tulajdonosi, üzleti kapcsolataira, valamint számlájának egyenlegére, forgalmára, továbbá a bankkal kötött szerződésére vonatkozik, - az ügylet jellegétől függően – banktitokként, illetve értékpapírtitokként kezel. Természetes személyek ezen adatai vonatkozásában a személyes adatok védelmére vonatkozó szabályok is alkalmazandók."},"meta":{},"created_at":"2025-10-16T12:45:16.943380Z","updated_at":"2025-10-16T13:13:29.799128Z","inner_id":25,"total_annotations":1,"cancelled_annotations":0,"total_predictions":0,"comment_count":0,"unresolved_comment_count":0,"last_comment_updated_at":null,"project":1,"updated_by":1,"comment_authors":[]},{"id":26,"annotations":[{"id":26,"completed_by":1,"result":[{"value":{"choices":["4-Érthető"]},"id":"Xw1B2ddLWP","from_name":"sentiment","to_name":"text","type":"choices","origin":"manual"}],"was_cancelled":false,"ground_truth":false,"created_at":"2025-10-16T13:13:48.533341Z","updated_at":"2025-10-16T13:13:48.533400Z","draft_created_at":null,"lead_time":15.233,"prediction":{},"result_count":1,"unique_id":"3dfbc506-c6e8-4917-8872-5a0764828b16","import_id":null,"last_action":null,"bulk_created":false,"task":26,"project":1,"updated_by":1,"parent_prediction":null,"parent_annotation":null,"last_created_by":null}],"file_upload":"831d97d4-otp_aszf.txt","drafts":[],"predictions":[],"data":{"text":"2. A titoktartási kötelezettség – időbeli korlátozás nélkül – az OTP Bank Nyrt. minden vezető tisztségviselőjére és alkalmazottjára, valamint mindazokra vonatkozik, akik az Ügyfelekkel kapcsolatos információkhoz az OTP Bank Nyrt.-vel kapcsolatos tevékenységük során bármilyen módon jutottak hozzá."},"meta":{},"created_at":"2025-10-16T12:45:16.943488Z","updated_at":"2025-10-16T13:13:49.003175Z","inner_id":26,"total_annotations":1,"cancelled_annotations":0,"total_predictions":0,"comment_count":0,"unresolved_comment_count":0,"last_comment_updated_at":null,"project":1,"updated_by":1,"comment_authors":[]},{"id":27,"annotations":[{"id":27,"completed_by":1,"result":[{"value":{"choices":["3-Többé\/kevésbé megértem"]},"id":"dhyZK0DNYi","from_name":"sentiment","to_name":"text","type":"choices","origin":"manual"}],"was_cancelled":false,"ground_truth":false,"created_at":"2025-10-16T13:14:09.147534Z","updated_at":"2025-10-16T13:14:09.147604Z","draft_created_at":null,"lead_time":17.139,"prediction":{},"result_count":1,"unique_id":"d5350cb9-d8ad-4314-a360-e26daf54245c","import_id":null,"last_action":null,"bulk_created":false,"task":27,"project":1,"updated_by":1,"parent_prediction":null,"parent_annotation":null,"last_created_by":null}],"file_upload":"831d97d4-otp_aszf.txt","drafts":[],"predictions":[],"data":{"text":"2. Az okmányok kiszolgáltatása és fizetés esetén az OTP Bank Nyrt. annak teljesít, akit iratainak megvizsgálása alapján az okmányok, illetve a fizetés elfogadására jogosultnak tart."},"meta":{},"created_at":"2025-10-16T12:45:16.943595Z","updated_at":"2025-10-16T13:14:09.614825Z","inner_id":27,"total_annotations":1,"cancelled_annotations":0,"total_predictions":0,"comment_count":0,"unresolved_comment_count":0,"last_comment_updated_at":null,"project":1,"updated_by":1,"comment_authors":[]},{"id":28,"annotations":[{"id":28,"completed_by":1,"result":[{"value":{"choices":["4-Érthető"]},"id":"370i1yJ9K-","from_name":"sentiment","to_name":"text","type":"choices","origin":"manual"}],"was_cancelled":false,"ground_truth":false,"created_at":"2025-10-16T13:14:35.005133Z","updated_at":"2025-10-16T13:14:35.005193Z","draft_created_at":null,"lead_time":21.524,"prediction":{},"result_count":1,"unique_id":"e5726ce0-3f10-43e1-bbb1-773ed0225e82","import_id":null,"last_action":null,"bulk_created":false,"task":28,"project":1,"updated_by":1,"parent_prediction":null,"parent_annotation":null,"last_created_by":null}],"file_upload":"831d97d4-otp_aszf.txt","drafts":[],"predictions":[],"data":{"text":"3. Az OTP Bank Nyrt. elvárható gondossággal vizsgálja a személyazonosság, a képviseleti jogosultság vagy a meghatalmazás igazolására bemutatott okmányokat. Ezek valódiságáért, illetőleg hamis vagy hamisított voltának gondos vizsgálata melletti fel nem ismerhetőségéért nem vállal felelősséget. Az OTP Bank Nyrt. nem felel az elvárható gondos vizsgálat során sem felismerhető hamis vagy hamisított megbízás teljesítésének következményeiért."},"meta":{},"created_at":"2025-10-16T12:45:16.943791Z","updated_at":"2025-10-16T13:14:35.466845Z","inner_id":28,"total_annotations":1,"cancelled_annotations":0,"total_predictions":0,"comment_count":0,"unresolved_comment_count":0,"last_comment_updated_at":null,"project":1,"updated_by":1,"comment_authors":[]},{"id":29,"annotations":[{"id":29,"completed_by":1,"result":[{"value":{"choices":["4-Érthető"]},"id":"ybvlG307nl","from_name":"sentiment","to_name":"text","type":"choices","origin":"manual"}],"was_cancelled":false,"ground_truth":false,"created_at":"2025-10-16T13:15:12.787626Z","updated_at":"2025-10-16T13:15:12.787689Z","draft_created_at":null,"lead_time":33.923,"prediction":{},"result_count":1,"unique_id":"ff3bde82-54d9-443d-8051-73aa4d57464d","import_id":null,"last_action":null,"bulk_created":false,"task":29,"project":1,"updated_by":1,"parent_prediction":null,"parent_annotation":null,"last_created_by":null}],"file_upload":"831d97d4-otp_aszf.txt","drafts":[],"predictions":[],"data":{"text":"2. Ha az Ügyfél a megbízásnak meghatározott időpontban való teljesítését igényli vagy az általános gyakorlattól eltérő teljesítést kíván, a megbízáson erre az OTP Bank Nyrt. figyelmét fel kell hívnia. A megbízásokat az Ügyfél olyan időpontban tartozik az OTP Bank Nyrt.-nek átadni, hogy a teljesítéshez szükséges idő az OTP Bank Nyrt. rendelkezésére álljon."},"meta":{},"created_at":"2025-10-16T12:45:16.943932Z","updated_at":"2025-10-16T13:15:13.317725Z","inner_id":29,"total_annotations":1,"cancelled_annotations":0,"total_predictions":0,"comment_count":0,"unresolved_comment_count":0,"last_comment_updated_at":null,"project":1,"updated_by":1,"comment_authors":[]},{"id":30,"annotations":[{"id":30,"completed_by":1,"result":[{"value":{"choices":["5-Könnyen érthető"]},"id":"2UgZybedbT","from_name":"sentiment","to_name":"text","type":"choices","origin":"manual"}],"was_cancelled":false,"ground_truth":false,"created_at":"2025-10-16T13:21:59.346521Z","updated_at":"2025-10-16T13:21:59.346589Z","draft_created_at":null,"lead_time":8.483,"prediction":{},"result_count":1,"unique_id":"8c23de63-8737-4af1-9aab-bfdc1a57621a","import_id":null,"last_action":null,"bulk_created":false,"task":30,"project":1,"updated_by":1,"parent_prediction":null,"parent_annotation":null,"last_created_by":null}],"file_upload":"831d97d4-otp_aszf.txt","drafts":[],"predictions":[],"data":{"text":"3. Ha az Ügyfél a teljesítéshez szükséges adatokat tévesen, hiányosan, vagy késedelmesen adja meg, az ebből eredő kárért az OTP Bank Nyrt. nem felel."},"meta":{},"created_at":"2025-10-16T12:45:16.944041Z","updated_at":"2025-10-16T13:21:59.841432Z","inner_id":30,"total_annotations":1,"cancelled_annotations":0,"total_predictions":0,"comment_count":0,"unresolved_comment_count":0,"last_comment_updated_at":null,"project":1,"updated_by":1,"comment_authors":[]},{"id":31,"annotations":[{"id":31,"completed_by":1,"result":[{"value":{"choices":["4-Érthető"]},"id":"YXSLnYw8uM","from_name":"sentiment","to_name":"text","type":"choices","origin":"manual"}],"was_cancelled":false,"ground_truth":false,"created_at":"2025-10-16T13:23:12.855999Z","updated_at":"2025-10-16T13:23:12.856062Z","draft_created_at":null,"lead_time":29.916,"prediction":{},"result_count":1,"unique_id":"212dd2cf-45f1-4214-a752-546cf59991cb","import_id":null,"last_action":null,"bulk_created":false,"task":31,"project":1,"updated_by":1,"parent_prediction":null,"parent_annotation":null,"last_created_by":null}],"file_upload":"831d97d4-otp_aszf.txt","drafts":[],"predictions":[],"data":{"text":"5. Az Ügyfél terhére érkező fizetési megbízásokon a közlemény rovatban feltüntetett adatokat, vagy utasításokat – mivel azok a fizetés címzettjének szólnak – az OTP Bank Nyrt. nem vizsgálja, jogait és kötelezettségeit ezek nem érintik."},"meta":{},"created_at":"2025-10-16T12:45:16.944148Z","updated_at":"2025-10-16T13:23:13.326059Z","inner_id":31,"total_annotations":1,"cancelled_annotations":0,"total_predictions":0,"comment_count":0,"unresolved_comment_count":0,"last_comment_updated_at":null,"project":1,"updated_by":1,"comment_authors":[]},{"id":32,"annotations":[{"id":32,"completed_by":1,"result":[{"value":{"choices":["3-Többé\/kevésbé megértem"]},"id":"wfGXx4PR7G","from_name":"sentiment","to_name":"text","type":"choices","origin":"manual"}],"was_cancelled":false,"ground_truth":false,"created_at":"2025-10-16T13:23:38.684754Z","updated_at":"2025-10-16T13:23:38.684818Z","draft_created_at":null,"lead_time":22.292,"prediction":{},"result_count":1,"unique_id":"a1e443e5-7f42-4f5a-8b2e-6e6e2a8d5fe7","import_id":null,"last_action":null,"bulk_created":false,"task":32,"project":1,"updated_by":1,"parent_prediction":null,"parent_annotation":null,"last_created_by":null}],"file_upload":"831d97d4-otp_aszf.txt","drafts":[],"predictions":[],"data":{"text":"9. Felmondás esetén a bankszámla egyenlege és a nyilvántartott követelések esedékessé válnak, és az Ügyfél köteles az OTP Bank Nyrt.-t felmenteni minden olyan kötelezettség alól, amelyet az Ügyfél érdekében vagy az Ügyfél utasítása alapján vállalt. Ha az OTP Bank Nyrt. felmentése a kötelezettségek alól nem lehetséges, az Ügyfél köteles az OTP Bank Nyrt. által meghatározott biztosítékot nyújtani."},"meta":{},"created_at":"2025-10-16T12:45:16.944256Z","updated_at":"2025-10-16T13:23:39.194306Z","inner_id":32,"total_annotations":1,"cancelled_annotations":0,"total_predictions":0,"comment_count":0,"unresolved_comment_count":0,"last_comment_updated_at":null,"project":1,"updated_by":1,"comment_authors":[]},{"id":33,"annotations":[{"id":33,"completed_by":1,"result":[{"value":{"choices":["5-Könnyen érthető"]},"id":"hi1uWYji4f","from_name":"sentiment","to_name":"text","type":"choices","origin":"manual"}],"was_cancelled":false,"ground_truth":false,"created_at":"2025-10-16T13:23:51.148606Z","updated_at":"2025-10-16T13:23:51.148667Z","draft_created_at":null,"lead_time":9.524,"prediction":{},"result_count":1,"unique_id":"bac87fab-8d4d-4c2a-b299-dc07e054a5ad","import_id":null,"last_action":null,"bulk_created":false,"task":33,"project":1,"updated_by":1,"parent_prediction":null,"parent_annotation":null,"last_created_by":null}],"file_upload":"831d97d4-otp_aszf.txt","drafts":[],"predictions":[],"data":{"text":"2. Az elhelyezett betétek kamata után fizetendő közterhek részletes szabályait külön Hirdetmény tartalmazza."},"meta":{},"created_at":"2025-10-16T12:45:16.944362Z","updated_at":"2025-10-16T13:23:51.617871Z","inner_id":33,"total_annotations":1,"cancelled_annotations":0,"total_predictions":0,"comment_count":0,"unresolved_comment_count":0,"last_comment_updated_at":null,"project":1,"updated_by":1,"comment_authors":[]},{"id":34,"annotations":[{"id":34,"completed_by":1,"result":[{"value":{"choices":["4-Érthető"]},"id":"t8VMt8E7IB","from_name":"sentiment","to_name":"text","type":"choices","origin":"manual"}],"was_cancelled":false,"ground_truth":false,"created_at":"2025-10-16T13:24:06.295956Z","updated_at":"2025-10-16T13:24:06.296014Z","draft_created_at":null,"lead_time":10.8,"prediction":{},"result_count":1,"unique_id":"4d4e7b85-e143-4e9c-90df-23869a8b684b","import_id":null,"last_action":null,"bulk_created":false,"task":34,"project":1,"updated_by":1,"parent_prediction":null,"parent_annotation":null,"last_created_by":null}],"file_upload":"831d97d4-otp_aszf.txt","drafts":[],"predictions":[],"data":{"text":"5. Az Ügyfél kötelezettsége, hogy a betétként elhelyezett összeget a szerződésben vállalt időtartamig az OTP Bank Nyrt.-nél betétként tartsa. E kötelezettség megszegése a kamatra való jogosultság részbeni vagy egészbeni elvesztésével járhat."},"meta":{},"created_at":"2025-10-16T12:45:16.944469Z","updated_at":"2025-10-16T13:24:06.765589Z","inner_id":34,"total_annotations":1,"cancelled_annotations":0,"total_predictions":0,"comment_count":0,"unresolved_comment_count":0,"last_comment_updated_at":null,"project":1,"updated_by":1,"comment_authors":[]},{"id":35,"annotations":[{"id":35,"completed_by":1,"result":[{"value":{"choices":["5-Könnyen érthető"]},"id":"m67xssQl7J","from_name":"sentiment","to_name":"text","type":"choices","origin":"manual"}],"was_cancelled":false,"ground_truth":false,"created_at":"2025-10-16T13:24:21.863957Z","updated_at":"2025-10-16T13:24:21.864016Z","draft_created_at":null,"lead_time":11.222,"prediction":{},"result_count":1,"unique_id":"ca15aef3-72f8-495c-9497-fecf1af0df05","import_id":null,"last_action":null,"bulk_created":false,"task":35,"project":1,"updated_by":1,"parent_prediction":null,"parent_annotation":null,"last_created_by":null}],"file_upload":"831d97d4-otp_aszf.txt","drafts":[],"predictions":[],"data":{"text":"6. A kamatot az OTP Bank Nyrt. a betétösszeg elhelyezésének napjától kezdődően számítja. Az utolsó kamatnap a betét lejáratát\/felvételét megelőző nap."},"meta":{},"created_at":"2025-10-16T12:45:16.944575Z","updated_at":"2025-10-16T13:24:22.257313Z","inner_id":35,"total_annotations":1,"cancelled_annotations":0,"total_predictions":0,"comment_count":0,"unresolved_comment_count":0,"last_comment_updated_at":null,"project":1,"updated_by":1,"comment_authors":[]},{"id":36,"annotations":[{"id":36,"completed_by":1,"result":[{"value":{"choices":["4-Érthető"]},"id":"7FQse8H5Y_","from_name":"sentiment","to_name":"text","type":"choices","origin":"manual"}],"was_cancelled":false,"ground_truth":false,"created_at":"2025-10-16T13:24:52.426396Z","updated_at":"2025-10-16T13:24:52.426461Z","draft_created_at":null,"lead_time":26.956,"prediction":{},"result_count":1,"unique_id":"c3b7d97c-ef10-4e57-87e2-ec96d7ed4870","import_id":null,"last_action":null,"bulk_created":false,"task":36,"project":1,"updated_by":1,"parent_prediction":null,"parent_annotation":null,"last_created_by":null}],"file_upload":"831d97d4-otp_aszf.txt","drafts":[],"predictions":[],"data":{"text":"8. Az OTP Bank Nyrt.-nél elhelyezhető különböző betétek fajtáiról, ezek elhelyezésének általános szabályairól és feltételeiről külön üzletági üzletszabályzatok rendelkeznek."},"meta":{},"created_at":"2025-10-16T12:45:16.944762Z","updated_at":"2025-10-16T13:24:52.883757Z","inner_id":36,"total_annotations":1,"cancelled_annotations":0,"total_predictions":0,"comment_count":0,"unresolved_comment_count":0,"last_comment_updated_at":null,"project":1,"updated_by":1,"comment_authors":[]},{"id":37,"annotations":[{"id":37,"completed_by":1,"result":[{"value":{"choices":["3-Többé\/kevésbé megértem"]},"id":"xvui9DjqVt","from_name":"sentiment","to_name":"text","type":"choices","origin":"manual"}],"was_cancelled":false,"ground_truth":false,"created_at":"2025-10-16T13:25:14.715673Z","updated_at":"2025-10-16T13:25:14.715732Z","draft_created_at":null,"lead_time":18.565,"prediction":{},"result_count":1,"unique_id":"91d2bcf4-953f-45ad-b478-d2ab654c5d71","import_id":null,"last_action":null,"bulk_created":false,"task":37,"project":1,"updated_by":1,"parent_prediction":null,"parent_annotation":null,"last_created_by":null}],"file_upload":"831d97d4-otp_aszf.txt","drafts":[],"predictions":[],"data":{"text":"11. Az OBA által nyújtott biztosítás nem terjed ki az olyan betétre, amelyről a bíróság jogerős ítélettel megállapította, hogy az abban elhelyezett összeg pénzmosásból származik, valamint a hitelintézet szavatoló tőkéjére, továbbá a hitelintézet által kibocsátott hitelviszonyt megtestesítő értékpapírra és saját váltóra."},"meta":{},"created_at":"2025-10-16T12:45:16.944910Z","updated_at":"2025-10-16T13:25:15.181721Z","inner_id":37,"total_annotations":1,"cancelled_annotations":0,"total_predictions":0,"comment_count":0,"unresolved_comment_count":0,"last_comment_updated_at":null,"project":1,"updated_by":1,"comment_authors":[]},{"id":38,"annotations":[{"id":38,"completed_by":1,"result":[{"value":{"choices":["3-Többé\/kevésbé megértem"]},"id":"9QxVi-QGgb","from_name":"sentiment","to_name":"text","type":"choices","origin":"manual"}],"was_cancelled":false,"ground_truth":false,"created_at":"2025-10-16T13:25:40.682851Z","updated_at":"2025-10-16T13:25:40.683183Z","draft_created_at":null,"lead_time":21.357,"prediction":{},"result_count":1,"unique_id":"49000b7d-5846-4a4a-b98b-2aa44a61e411","import_id":null,"last_action":null,"bulk_created":false,"task":38,"project":1,"updated_by":1,"parent_prediction":null,"parent_annotation":null,"last_created_by":null}],"file_upload":"831d97d4-otp_aszf.txt","drafts":[],"predictions":[],"data":{"text":"12. A XII. 10. a) és c) pontjától eltérően az OBA által nyújtott biztosítás kiterjed a helyi önkormányzat, valamint a helyi önkormányzat által alapított költségvetési szerv betétjére, amennyiben a tárgyévet két évvel megelőző évi beszámolója adatai alapján a helyi önkormányzat költségvetési főösszege nem haladja meg az ötszázezer eurót."},"meta":{},"created_at":"2025-10-16T12:45:16.945122Z","updated_at":"2025-10-16T13:25:41.174559Z","inner_id":38,"total_annotations":1,"cancelled_annotations":0,"total_predictions":0,"comment_count":0,"unresolved_comment_count":0,"last_comment_updated_at":null,"project":1,"updated_by":1,"comment_authors":[]},{"id":39,"annotations":[{"id":39,"completed_by":1,"result":[{"value":{"choices":["2-Nehezen érthető"]},"id":"x1scjTFvIj","from_name":"sentiment","to_name":"text","type":"choices","origin":"manual"}],"was_cancelled":false,"ground_truth":false,"created_at":"2025-10-16T13:26:19.787361Z","updated_at":"2025-10-16T13:26:19.787463Z","draft_created_at":null,"lead_time":36.239,"prediction":{},"result_count":1,"unique_id":"360babb3-f939-44db-97e3-5685d9e6ade5","import_id":null,"last_action":null,"bulk_created":false,"task":39,"project":1,"updated_by":1,"parent_prediction":null,"parent_annotation":null,"last_created_by":null}],"file_upload":"831d97d4-otp_aszf.txt","drafts":[],"predictions":[],"data":{"text":"20. A betétekből kifizetés mindig a legrégebben elhelyezett összegből történik. Ez azt jelenti, ha egy betétben államilag garantált és az OBA által biztosított összeg is van, a kifizetések mindig az államilag garantált betétet csökkentik. A betétek jogfolytonos átvezetés esetén megőrzik garanciájukat, tehát az államilag garantált betétek továbbra is államilag garantáltak maradnak."},"meta":{},"created_at":"2025-10-16T12:45:16.945264Z","updated_at":"2025-10-16T13:26:20.256694Z","inner_id":39,"total_annotations":1,"cancelled_annotations":0,"total_predictions":0,"comment_count":0,"unresolved_comment_count":0,"last_comment_updated_at":null,"project":1,"updated_by":1,"comment_authors":[]},{"id":40,"annotations":[{"id":40,"completed_by":1,"result":[{"value":{"choices":["4-Érthető"]},"id":"N5CIG676HV","from_name":"sentiment","to_name":"text","type":"choices","origin":"manual"}],"was_cancelled":false,"ground_truth":false,"created_at":"2025-10-16T13:27:09.107468Z","updated_at":"2025-10-16T13:27:09.107538Z","draft_created_at":null,"lead_time":45.711,"prediction":{},"result_count":1,"unique_id":"f3292a2d-0016-484c-a796-a380c4d41d0b","import_id":null,"last_action":null,"bulk_created":false,"task":40,"project":1,"updated_by":1,"parent_prediction":null,"parent_annotation":null,"last_created_by":null}],"file_upload":"831d97d4-otp_aszf.txt","drafts":[],"predictions":[],"data":{"text":"5. Az OTP Bank Nyrt. a hitelnyújtás feltételeként szabhatja, hogy az Ügyfél köteles beszámolni valamennyi, más hitelintézetnél és\/vagy pénzforgalmi szolgáltatónál lévő bankszámlájáról, fizetési számlájáról, valamint esetleges egyéb üzleti érdekeltségeiről; illetve azt, hogy az Ügyfél tartozásának fennállása alatt rendszeresen az OTP Bank Nyrt. rendelkezésére bocsássa év végi, valamint évközi üzleti mérlegeit. A hitel nyújtása előtt és annak lejárati ideje alatt az OTP Bank Nyrt. jogosult és köteles tájékozódni a hitelfelvevő, illetve a kezes, egyéb biztosítékot nyújtó vagyoni viszonyairól, üzleti eredményeiről és várható fejlődéséről, a hitelkövetelést biztosító mellékkötelezettségek értékéről és érvényesíthetőségéről."},"meta":{},"created_at":"2025-10-16T12:45:16.945381Z","updated_at":"2025-10-16T13:27:09.563362Z","inner_id":40,"total_annotations":1,"cancelled_annotations":0,"total_predictions":0,"comment_count":0,"unresolved_comment_count":0,"last_comment_updated_at":null,"project":1,"updated_by":1,"comment_authors":[]},{"id":41,"annotations":[{"id":41,"completed_by":1,"result":[{"value":{"choices":["5-Könnyen érthető"]},"id":"fuqczzRp6D","from_name":"sentiment","to_name":"text","type":"choices","origin":"manual"}],"was_cancelled":false,"ground_truth":false,"created_at":"2025-10-16T13:27:20.460113Z","updated_at":"2025-10-16T13:27:20.460175Z","draft_created_at":null,"lead_time":8.025,"prediction":{},"result_count":1,"unique_id":"92840996-a1a1-46b8-b84f-41e7f9c2e1ec","import_id":null,"last_action":null,"bulk_created":false,"task":41,"project":1,"updated_by":1,"parent_prediction":null,"parent_annotation":null,"last_created_by":null}],"file_upload":"ad3fa036-KH_aszf.txt","drafts":[],"predictions":[],"data":{"text":"I. Fogalom meghatározások"},"meta":{},"created_at":"2025-10-16T12:45:16.945489Z","updated_at":"2025-10-16T13:27:20.935710Z","inner_id":41,"total_annotations":1,"cancelled_annotations":0,"total_predictions":0,"comment_count":0,"unresolved_comment_count":0,"last_comment_updated_at":null,"project":1,"updated_by":1,"comment_authors":[]},{"id":42,"annotations":[{"id":42,"completed_by":1,"result":[{"value":{"choices":["5-Könnyen érthető"]},"id":"GH_Q_rSFpI","from_name":"sentiment","to_name":"text","type":"choices","origin":"manual"}],"was_cancelled":false,"ground_truth":false,"created_at":"2025-10-16T13:27:46.912887Z","updated_at":"2025-10-16T13:27:46.912943Z","draft_created_at":null,"lead_time":23.797,"prediction":{},"result_count":1,"unique_id":"4c369fc8-3cba-4fa4-8878-e66c5cd7c627","import_id":null,"last_action":null,"bulk_created":false,"task":42,"project":1,"updated_by":1,"parent_prediction":null,"parent_annotation":null,"last_created_by":null}],"file_upload":"ad3fa036-KH_aszf.txt","drafts":[],"predictions":[],"data":{"text":"e-azonosító szám: A Bank által kibocsátott virtuális kártyaszám, amely e-bank azonosító kártya kibocsátása esetén megegyezik az e-bank azonosító kártya számával. Az e-azonosító szám névre szóló, annak birtokosa csak természetes személy lehet."},"meta":{},"created_at":"2025-10-16T12:45:16.945749Z","updated_at":"2025-10-16T13:27:47.762086Z","inner_id":42,"total_annotations":1,"cancelled_annotations":0,"total_predictions":0,"comment_count":0,"unresolved_comment_count":0,"last_comment_updated_at":null,"project":1,"updated_by":1,"comment_authors":[]},{"id":43,"annotations":[{"id":43,"completed_by":1,"result":[{"value":{"choices":["4-Érthető"]},"id":"k4U6kgqsFT","from_name":"sentiment","to_name":"text","type":"choices","origin":"manual"}],"was_cancelled":false,"ground_truth":false,"created_at":"2025-10-16T13:28:34.860391Z","updated_at":"2025-10-16T13:28:34.860457Z","draft_created_at":"2025-10-16T13:28:31.725734Z","lead_time":44.566,"prediction":{},"result_count":1,"unique_id":"6f448ada-5102-4e66-a335-79edc59b7ef5","import_id":null,"last_action":null,"bulk_created":false,"task":43,"project":1,"updated_by":1,"parent_prediction":null,"parent_annotation":null,"last_created_by":null}],"file_upload":"ad3fa036-KH_aszf.txt","drafts":[],"predictions":[],"data":{"text":"e-bank azonosító kártya: A Bank által kibocsátott, bankkártyának nem minősülő műanyag lap, amely - mint távolról hozzáférést biztosító elektronikus fizetési eszköz - biztosítja, a PIN kód révén, kizárólag az Ügyfél\/Felhasználó részére a K&H e-bank interneten keresztül történő igénybevételét. A Bank által kibocsátott azonosító kártya a Bank tulajdonát képezi. Az e-bank azonosító kártya névre szóló, annak birtokosa csak természetes személy lehet."},"meta":{},"created_at":"2025-10-16T12:45:16.945890Z","updated_at":"2025-10-16T13:28:35.322708Z","inner_id":43,"total_annotations":1,"cancelled_annotations":0,"total_predictions":0,"comment_count":0,"unresolved_comment_count":0,"last_comment_updated_at":null,"project":1,"updated_by":1,"comment_authors":[]},{"id":44,"annotations":[{"id":44,"completed_by":1,"result":[{"value":{"choices":["5-Könnyen érthető"]},"id":"bulbr3-D-e","from_name":"sentiment","to_name":"text","type":"choices","origin":"manual"}],"was_cancelled":false,"ground_truth":false,"created_at":"2025-10-16T13:29:09.756467Z","updated_at":"2025-10-16T13:29:09.756532Z","draft_created_at":null,"lead_time":27.858,"prediction":{},"result_count":1,"unique_id":"818d94a9-35d9-4850-b55f-fcfb8f97a971","import_id":null,"last_action":null,"bulk_created":false,"task":44,"project":1,"updated_by":1,"parent_prediction":null,"parent_annotation":null,"last_created_by":null}],"file_upload":"ad3fa036-KH_aszf.txt","drafts":[],"predictions":[],"data":{"text":"Egyszer használatos jelszó: A Bank által az Ügyfél részére SMS üzenetben megküldött, egyszeri belépésre felhasználható jelszó."},"meta":{},"created_at":"2025-10-16T12:45:16.946000Z","updated_at":"2025-10-16T13:29:10.244625Z","inner_id":44,"total_annotations":1,"cancelled_annotations":0,"total_predictions":0,"comment_count":0,"unresolved_comment_count":0,"last_comment_updated_at":null,"project":1,"updated_by":1,"comment_authors":[]},{"id":45,"annotations":[{"id":45,"completed_by":1,"result":[{"value":{"choices":["4-Érthető"]},"id":"bAaWWWtC-X","from_name":"sentiment","to_name":"text","type":"choices","origin":"manual"}],"was_cancelled":false,"ground_truth":false,"created_at":"2025-10-16T13:29:36.122680Z","updated_at":"2025-10-16T13:29:36.123199Z","draft_created_at":null,"lead_time":22.718,"prediction":{},"result_count":1,"unique_id":"72e56ea8-2054-4f03-8da6-2443bb78e52f","import_id":null,"last_action":null,"bulk_created":false,"task":45,"project":1,"updated_by":1,"parent_prediction":null,"parent_annotation":null,"last_created_by":null}],"file_upload":"ad3fa036-KH_aszf.txt","drafts":[{"id":2,"user":"akita@email.com","created_username":"akita@email.com, 1","created_ago":"3 minutes","result":[{"value":{"choices":["3-Többé\/kevésbé megértem"]},"id":"bAaWWWtC-X","from_name":"sentiment","to_name":"text","type":"choices","origin":"manual"}],"lead_time":25.828,"was_postponed":false,"import_id":null,"created_at":"2025-10-16T13:30:05.337073Z","updated_at":"2025-10-16T13:30:05.337127Z","task":45,"annotation":45}],"predictions":[],"data":{"text":"Elektronikus banki művelet: Minden olyan megbízás és értesítés, amelyet az Ügyfél\/Felhasználó közvetlenül számítógépes kommunikáció alkalmazásával, legalább részben elektronikus jelek formájában ad meg a Bank számára. Az elektronikus banki műveletek során az Ügyfél az aláírását a Bank által jóváhagyott formátumú személyazonosító kódolással helyettesíti."},"meta":{},"created_at":"2025-10-16T12:45:16.946214Z","updated_at":"2025-10-16T13:29:36.628503Z","inner_id":45,"total_annotations":1,"cancelled_annotations":0,"total_predictions":0,"comment_count":0,"unresolved_comment_count":0,"last_comment_updated_at":null,"project":1,"updated_by":1,"comment_authors":[]},{"id":46,"annotations":[{"id":46,"completed_by":1,"result":[{"value":{"choices":["4-Érthető"]},"id":"iVPCcnc_b7","from_name":"sentiment","to_name":"text","type":"choices","origin":"manual"}],"was_cancelled":false,"ground_truth":false,"created_at":"2025-10-16T13:30:16.057361Z","updated_at":"2025-10-16T13:30:16.057766Z","draft_created_at":null,"lead_time":9.784,"prediction":{},"result_count":1,"unique_id":"034b30eb-92fb-423f-ae1e-93b0757b10d9","import_id":null,"last_action":null,"bulk_created":false,"task":46,"project":1,"updated_by":1,"parent_prediction":null,"parent_annotation":null,"last_created_by":null}],"file_upload":"ad3fa036-KH_aszf.txt","drafts":[],"predictions":[],"data":{"text":"Felhasználó: K&H vállalkozói e-bank szolgáltatás esetében az Ügyfél által, a szolgáltatásra irányadó feltételek szerint elektronikus banki műveletek végzésére felhatalmazott bármely személy."},"meta":{},"created_at":"2025-10-16T12:45:16.946342Z","updated_at":"2025-10-16T13:30:16.533453Z","inner_id":46,"total_annotations":1,"cancelled_annotations":0,"total_predictions":0,"comment_count":0,"unresolved_comment_count":0,"last_comment_updated_at":null,"project":1,"updated_by":1,"comment_authors":[]},{"id":47,"annotations":[{"id":47,"completed_by":1,"result":[{"value":{"choices":["5-Könnyen érthető"]},"id":"831QYLPJHg","from_name":"sentiment","to_name":"text","type":"choices","origin":"manual"}],"was_cancelled":false,"ground_truth":false,"created_at":"2025-10-16T13:30:30.560465Z","updated_at":"2025-10-16T13:30:30.560524Z","draft_created_at":null,"lead_time":10.989,"prediction":{},"result_count":1,"unique_id":"555f1489-09ab-453f-952f-d5561d414f42","import_id":null,"last_action":null,"bulk_created":false,"task":47,"project":1,"updated_by":1,"parent_prediction":null,"parent_annotation":null,"last_created_by":null}],"file_upload":"ad3fa036-KH_aszf.txt","drafts":[],"predictions":[],"data":{"text":"Hirdetmény: A Bank által az ügyfélforgalom számára nyitva álló helyiségében, a szolgáltatások igénybevételeinek feltételeit tartalmazó közlemény. A Hirdetmény tartalmazza többek között a szolgáltatások tartalmát, az igénybevételéhez szükséges eszközök paramétereit, illetve a díjakat, jutalékokat."},"meta":{},"created_at":"2025-10-16T12:45:16.946458Z","updated_at":"2025-10-16T13:30:31.061976Z","inner_id":47,"total_annotations":1,"cancelled_annotations":0,"total_predictions":0,"comment_count":0,"unresolved_comment_count":0,"last_comment_updated_at":null,"project":1,"updated_by":1,"comment_authors":[]},{"id":48,"annotations":[{"id":48,"completed_by":1,"result":[{"value":{"choices":["5-Könnyen érthető"]},"id":"6PituNca0T","from_name":"sentiment","to_name":"text","type":"choices","origin":"manual"}],"was_cancelled":false,"ground_truth":false,"created_at":"2025-10-16T13:30:41.931914Z","updated_at":"2025-10-16T13:30:41.931980Z","draft_created_at":null,"lead_time":8.302,"prediction":{},"result_count":1,"unique_id":"55449f1a-4e2e-4854-92e5-f20383c6b11e","import_id":null,"last_action":null,"bulk_created":false,"task":48,"project":1,"updated_by":1,"parent_prediction":null,"parent_annotation":null,"last_created_by":null}],"file_upload":"ad3fa036-KH_aszf.txt","drafts":[],"predictions":[],"data":{"text":"Hozzáférési jog: A Felhasználó azon joga, mely egyértelműen meghatározza, hogy a Felhasználó a K&H e-bank szolgáltatás keretében milyen típusú elektronikus banki műveleteket végezhet."},"meta":{},"created_at":"2025-10-16T12:45:16.946566Z","updated_at":"2025-10-16T13:30:42.402802Z","inner_id":48,"total_annotations":1,"cancelled_annotations":0,"total_predictions":0,"comment_count":0,"unresolved_comment_count":0,"last_comment_updated_at":null,"project":1,"updated_by":1,"comment_authors":[]},{"id":49,"annotations":[{"id":49,"completed_by":1,"result":[{"value":{"choices":["3-Többé\/kevésbé megértem"]},"id":"GR0eAUEOVa","from_name":"sentiment","to_name":"text","type":"choices","origin":"manual"}],"was_cancelled":false,"ground_truth":false,"created_at":"2025-10-16T13:31:18.583866Z","updated_at":"2025-10-16T13:31:18.583939Z","draft_created_at":null,"lead_time":30.813,"prediction":{},"result_count":1,"unique_id":"908c43b5-9ee0-48fd-901f-b82365f0c421","import_id":null,"last_action":null,"bulk_created":false,"task":49,"project":1,"updated_by":1,"parent_prediction":null,"parent_annotation":null,"last_created_by":null}],"file_upload":"ad3fa036-KH_aszf.txt","drafts":[],"predictions":[],"data":{"text":"Induló sms aktivizáló kód: A Bank az Ügyfél részére az e-azonosító számmal együtt átadott egyszer használatos jelszó, amelynek megküldésével az Ügyfél aktiválja az e-azonosító számát és megkapja az e- bank felületre történő első belépéshez szükséges egyszer használatos jelszót a banktól sms-ben."},"meta":{},"created_at":"2025-10-16T12:45:16.946676Z","updated_at":"2025-10-16T13:31:19.107736Z","inner_id":49,"total_annotations":1,"cancelled_annotations":0,"total_predictions":0,"comment_count":0,"unresolved_comment_count":0,"last_comment_updated_at":null,"project":1,"updated_by":1,"comment_authors":[]},{"id":50,"annotations":[{"id":50,"completed_by":1,"result":[{"value":{"choices":["4-Érthető"]},"id":"e94jR6XL1m","from_name":"sentiment","to_name":"text","type":"choices","origin":"manual"}],"was_cancelled":false,"ground_truth":false,"created_at":"2025-10-16T13:32:15.915397Z","updated_at":"2025-10-16T13:32:15.915462Z","draft_created_at":null,"lead_time":41.147,"prediction":{},"result_count":1,"unique_id":"9cadbfc1-e12e-4293-b4d8-f7377369e776","import_id":null,"last_action":null,"bulk_created":false,"task":50,"project":1,"updated_by":1,"parent_prediction":null,"parent_annotation":null,"last_created_by":null}],"file_upload":"ad3fa036-KH_aszf.txt","drafts":[],"predictions":[],"data":{"text":"K&H e-bank szolgáltatás: A Bank által az Ügyfelek részére nyújtott szolgáltatás, amely során az Ügyfelek a kapcsolódó kondíciókról az ide vonatkozó Hirdetményekben meghatározott, és K&H lakossági e-bank szolgáltatás esetén az https:\/\/ebank.khb.hu\/lakossag, K&H trambulin e-bank szolgáltatás esetén az https:\/\/ebank.khb.hu\/trambulin, K&H vállalkozói e-bank szolgáltatás esetén a https:\/\/ebank.khb.hu\/vallalat internetes címen elérhető szolgáltatásokat vehetik igénybe."},"meta":{},"created_at":"2025-10-16T12:45:16.946785Z","updated_at":"2025-10-16T13:32:16.397039Z","inner_id":50,"total_annotations":1,"cancelled_annotations":0,"total_predictions":0,"comment_count":0,"unresolved_comment_count":0,"last_comment_updated_at":null,"project":1,"updated_by":1,"comment_authors":[]},{"id":51,"annotations":[{"id":51,"completed_by":1,"result":[{"value":{"choices":["5-Könnyen érthető"]},"id":"6di8FKh4tW","from_name":"sentiment","to_name":"text","type":"choices","origin":"manual"}],"was_cancelled":false,"ground_truth":false,"created_at":"2025-10-16T13:32:26.642844Z","updated_at":"2025-10-16T13:32:26.642915Z","draft_created_at":null,"lead_time":5.289,"prediction":{},"result_count":1,"unique_id":"83241a9d-e3e1-476d-b5c5-98a032953edd","import_id":null,"last_action":null,"bulk_created":false,"task":51,"project":1,"updated_by":1,"parent_prediction":null,"parent_annotation":null,"last_created_by":null}],"file_upload":"ad3fa036-KH_aszf.txt","drafts":[],"predictions":[],"data":{"text":"Meghajtó program: A chipkártya-olvasó üzemeltetéséhez szükséges program."},"meta":{},"created_at":"2025-10-16T12:45:16.946893Z","updated_at":"2025-10-16T13:32:27.127536Z","inner_id":51,"total_annotations":1,"cancelled_annotations":0,"total_predictions":0,"comment_count":0,"unresolved_comment_count":0,"last_comment_updated_at":null,"project":1,"updated_by":1,"comment_authors":[]},{"id":52,"annotations":[{"id":52,"completed_by":1,"result":[{"value":{"choices":["5-Könnyen érthető"]},"id":"lMw6b86A9a","from_name":"sentiment","to_name":"text","type":"choices","origin":"manual"}],"was_cancelled":false,"ground_truth":false,"created_at":"2025-10-16T13:32:36.407623Z","updated_at":"2025-10-16T13:32:36.407682Z","draft_created_at":null,"lead_time":5.438,"prediction":{},"result_count":1,"unique_id":"5dbd8ec9-c21d-4dab-92b0-92cd64b0307b","import_id":null,"last_action":null,"bulk_created":false,"task":52,"project":1,"updated_by":1,"parent_prediction":null,"parent_annotation":null,"last_created_by":null}],"file_upload":"ad3fa036-KH_aszf.txt","drafts":[],"predictions":[],"data":{"text":"Minimális konfiguráció: A szolgáltatás igénybevételéhez szükséges minimális technikai feltételek."},"meta":{},"created_at":"2025-10-16T12:45:16.946997Z","updated_at":"2025-10-16T13:32:36.910674Z","inner_id":52,"total_annotations":1,"cancelled_annotations":0,"total_predictions":0,"comment_count":0,"unresolved_comment_count":0,"last_comment_updated_at":null,"project":1,"updated_by":1,"comment_authors":[]},{"id":53,"annotations":[{"id":53,"completed_by":1,"result":[{"value":{"choices":["5-Könnyen érthető"]},"id":"OJv4xml4dx","from_name":"sentiment","to_name":"text","type":"choices","origin":"manual"}],"was_cancelled":false,"ground_truth":false,"created_at":"2025-10-16T13:32:48.754964Z","updated_at":"2025-10-16T13:32:48.755030Z","draft_created_at":null,"lead_time":7.813,"prediction":{},"result_count":1,"unique_id":"dd07e81b-56c2-403e-9dab-aeaff4af3a5d","import_id":null,"last_action":null,"bulk_created":false,"task":53,"project":1,"updated_by":1,"parent_prediction":null,"parent_annotation":null,"last_created_by":null}],"file_upload":"ad3fa036-KH_aszf.txt","drafts":[],"predictions":[],"data":{"text":"Nyilvános helyen történő üzemeltetés: Bármely a banki, illetőleg az otthoni számítógép-használat körén kívül eső hely."},"meta":{},"created_at":"2025-10-16T12:45:16.947208Z","updated_at":"2025-10-16T13:32:49.240402Z","inner_id":53,"total_annotations":1,"cancelled_annotations":0,"total_predictions":0,"comment_count":0,"unresolved_comment_count":0,"last_comment_updated_at":null,"project":1,"updated_by":1,"comment_authors":[]},{"id":54,"annotations":[{"id":54,"completed_by":1,"result":[{"value":{"choices":["5-Könnyen érthető"]},"id":"OUnf797NMR","from_name":"sentiment","to_name":"text","type":"choices","origin":"manual"}],"was_cancelled":false,"ground_truth":false,"created_at":"2025-10-16T13:32:55.840533Z","updated_at":"2025-10-16T13:32:55.840594Z","draft_created_at":null,"lead_time":3.39,"prediction":{},"result_count":1,"unique_id":"e21d3a20-0333-4655-ae74-be08fde2bcc1","import_id":null,"last_action":null,"bulk_created":false,"task":54,"project":1,"updated_by":1,"parent_prediction":null,"parent_annotation":null,"last_created_by":null}],"file_upload":"ad3fa036-KH_aszf.txt","drafts":[],"predictions":[],"data":{"text":"Olvasó: A szolgáltatás igénybevételéhez szükséges chipkártya-olvasó."},"meta":{},"created_at":"2025-10-16T12:45:16.947344Z","updated_at":"2025-10-16T13:32:56.317824Z","inner_id":54,"total_annotations":1,"cancelled_annotations":0,"total_predictions":0,"comment_count":0,"unresolved_comment_count":0,"last_comment_updated_at":null,"project":1,"updated_by":1,"comment_authors":[]},{"id":55,"annotations":[{"id":55,"completed_by":1,"result":[{"value":{"choices":["5-Könnyen érthető"]},"id":"2kQMzqNtje","from_name":"sentiment","to_name":"text","type":"choices","origin":"manual"}],"was_cancelled":false,"ground_truth":false,"created_at":"2025-10-16T13:33:03.488660Z","updated_at":"2025-10-16T13:33:03.488718Z","draft_created_at":null,"lead_time":4.238,"prediction":{},"result_count":1,"unique_id":"c0e35a15-ae52-4ce1-815d-125cda976132","import_id":null,"last_action":null,"bulk_created":false,"task":55,"project":1,"updated_by":1,"parent_prediction":null,"parent_annotation":null,"last_created_by":null}],"file_upload":"ad3fa036-KH_aszf.txt","drafts":[],"predictions":[],"data":{"text":"PIN kód (Personal Identification Number): Az a szigorú biztonsági előírások mellett készített, újra elő nem állítható, adott személyre vonatkozó titkos személyi azonosító kód, amelyet a Bank az Ügyfél\/Felhasználó részére eljuttat, és amely lehetővé teszi az azonosító kártya használatával a szolgáltatás igénybevételét."},"meta":{},"created_at":"2025-10-16T12:45:16.947456Z","updated_at":"2025-10-16T13:33:03.962227Z","inner_id":55,"total_annotations":1,"cancelled_annotations":0,"total_predictions":0,"comment_count":0,"unresolved_comment_count":0,"last_comment_updated_at":null,"project":1,"updated_by":1,"comment_authors":[]}]