[{"id":1,"annotations":[{"id":1,"completed_by":1,"result":[],"was_cancelled":false,"ground_truth":false,"created_at":"2025-10-16T12:38:21.662881Z","updated_at":"2025-10-16T12:38:31.403426Z","draft_created_at":null,"lead_time":21.261,"prediction":{},"result_count":0,"unique_id":"8975ff9b-a7df-4682-9eb0-88b342b7b826","import_id":null,"last_action":null,"bulk_created":false,"task":1,"project":1,"updated_by":1,"parent_prediction":null,"parent_annotation":null,"last_created_by":null}],"file_upload":"6b20a97f-KH_aszf.txt","drafts":[],"predictions":[],"data":{"text":"I. Fogalom meghatározások"},"meta":{},"created_at":"2025-10-16T12:34:41.064932Z","updated_at":"2025-10-16T12:38:31.932184Z","inner_id":1,"total_annotations":1,"cancelled_annotations":0,"total_predictions":0,"comment_count":0,"unresolved_comment_count":0,"last_comment_updated_at":null,"project":1,"updated_by":1,"comment_authors":[]},{"id":2,"annotations":[{"id":2,"completed_by":1,"result":[{"value":{"choices":["5-Könnyen érthető"]},"id":"5lmJkN3bCd","from_name":"sentiment","to_name":"text","type":"choices","origin":"manual"}],"was_cancelled":false,"ground_truth":false,"created_at":"2025-10-16T12:38:43.775571Z","updated_at":"2025-10-16T12:38:43.775604Z","draft_created_at":"2025-10-16T12:38:41.568595Z","lead_time":9.585,"prediction":{},"result_count":1,"unique_id":"fc0fe3c1-33e8-4ff2-95b8-1295face7443","import_id":null,"last_action":null,"bulk_created":false,"task":2,"project":1,"updated_by":1,"parent_prediction":null,"parent_annotation":null,"last_created_by":null}],"file_upload":"6b20a97f-KH_aszf.txt","drafts":[],"predictions":[],"data":{"text":"e-azonosító szám: A Bank által kibocsátott virtuális kártyaszám, amely e-bank azonosító kártya kibocsátása esetén megegyezik az e-bank azonosító kártya számával. Az e-azonosító szám névre szóló, annak birtokosa csak természetes személy lehet."},"meta":{},"created_at":"2025-10-16T12:34:41.065034Z","updated_at":"2025-10-16T12:38:44.138757Z","inner_id":2,"total_annotations":1,"cancelled_annotations":0,"total_predictions":0,"comment_count":0,"unresolved_comment_count":0,"last_comment_updated_at":null,"project":1,"updated_by":1,"comment_authors":[]},{"id":3,"annotations":[{"id":3,"completed_by":1,"result":[{"value":{"choices":["3-Többé\/kevésbé megértem"]},"id":"GtmaM88bEq","from_name":"sentiment","to_name":"text","type":"choices","origin":"manual"}],"was_cancelled":false,"ground_truth":false,"created_at":"2025-10-16T12:38:50.530746Z","updated_at":"2025-10-16T12:38:50.530797Z","draft_created_at":null,"lead_time":4.773,"prediction":{},"result_count":1,"unique_id":"e8b42ca6-ae65-4756-9fb7-dc754c80dddd","import_id":null,"last_action":null,"bulk_created":false,"task":3,"project":1,"updated_by":1,"parent_prediction":null,"parent_annotation":null,"last_created_by":null}],"file_upload":"6b20a97f-KH_aszf.txt","drafts":[],"predictions":[],"data":{"text":"e-bank azonosító kártya: A Bank által kibocsátott, bankkártyának nem minősülő műanyag lap, amely - mint távolról hozzáférést biztosító elektronikus fizetési eszköz - biztosítja, a PIN kód révén, kizárólag az Ügyfél\/Felhasználó részére a K&H e-bank interneten keresztül történő igénybevételét. A Bank által kibocsátott azonosító kártya a Bank tulajdonát képezi. Az e-bank azonosító kártya névre szóló, annak birtokosa csak természetes személy lehet."},"meta":{},"created_at":"2025-10-16T12:34:41.065097Z","updated_at":"2025-10-16T12:38:50.915299Z","inner_id":3,"total_annotations":1,"cancelled_annotations":0,"total_predictions":0,"comment_count":0,"unresolved_comment_count":0,"last_comment_updated_at":null,"project":1,"updated_by":1,"comment_authors":[]},{"id":4,"annotations":[{"id":4,"completed_by":1,"result":[{"value":{"choices":["5-Könnyen érthető"]},"id":"otLSfn698P","from_name":"sentiment","to_name":"text","type":"choices","origin":"manual"}],"was_cancelled":false,"ground_truth":false,"created_at":"2025-10-16T12:38:58.373618Z","updated_at":"2025-10-16T12:38:58.373649Z","draft_created_at":null,"lead_time":5.956,"prediction":{},"result_count":1,"unique_id":"947463bc-611a-4e07-be7a-be9898123926","import_id":null,"last_action":null,"bulk_created":false,"task":4,"project":1,"updated_by":1,"parent_prediction":null,"parent_annotation":null,"last_created_by":null}],"file_upload":"6b20a97f-KH_aszf.txt","drafts":[],"predictions":[],"data":{"text":"Egyszer használatos jelszó: A Bank által az Ügyfél részére SMS üzenetben megküldött, egyszeri belépésre felhasználható jelszó."},"meta":{},"created_at":"2025-10-16T12:34:41.065155Z","updated_at":"2025-10-16T12:38:58.725441Z","inner_id":4,"total_annotations":1,"cancelled_annotations":0,"total_predictions":0,"comment_count":0,"unresolved_comment_count":0,"last_comment_updated_at":null,"project":1,"updated_by":1,"comment_authors":[]},{"id":5,"annotations":[{"id":5,"completed_by":1,"result":[{"value":{"choices":["3-Többé\/kevésbé megértem"]},"id":"FF_PQCi8Mk","from_name":"sentiment","to_name":"text","type":"choices","origin":"manual"}],"was_cancelled":false,"ground_truth":false,"created_at":"2025-10-16T12:39:32.245272Z","updated_at":"2025-10-16T12:39:32.245309Z","draft_created_at":null,"lead_time":31.55,"prediction":{},"result_count":1,"unique_id":"0b46e1d3-dbde-45a8-bb87-a0a11a2c73de","import_id":null,"last_action":null,"bulk_created":false,"task":5,"project":1,"updated_by":1,"parent_prediction":null,"parent_annotation":null,"last_created_by":null}],"file_upload":"6b20a97f-KH_aszf.txt","drafts":[],"predictions":[],"data":{"text":"Elektronikus banki művelet: Minden olyan megbízás és értesítés, amelyet az Ügyfél\/Felhasználó közvetlenül számítógépes kommunikáció alkalmazásával, legalább részben elektronikus jelek formájában ad meg a Bank számára. Az elektronikus banki műveletek során az Ügyfél az aláírását a Bank által jóváhagyott formátumú személyazonosító kódolással helyettesíti."},"meta":{},"created_at":"2025-10-16T12:34:41.065215Z","updated_at":"2025-10-16T12:39:32.576382Z","inner_id":5,"total_annotations":1,"cancelled_annotations":0,"total_predictions":0,"comment_count":0,"unresolved_comment_count":0,"last_comment_updated_at":null,"project":1,"updated_by":1,"comment_authors":[]},{"id":6,"annotations":[{"id":6,"completed_by":1,"result":[{"value":{"choices":["2-Nehezen érthető"]},"id":"G-5TeuCTPn","from_name":"sentiment","to_name":"text","type":"choices","origin":"manual"}],"was_cancelled":false,"ground_truth":false,"created_at":"2025-10-16T12:39:47.267832Z","updated_at":"2025-10-16T12:39:47.267868Z","draft_created_at":null,"lead_time":6.431,"prediction":{},"result_count":1,"unique_id":"3195e3b7-c61b-4526-a30d-643ebdd63ec5","import_id":null,"last_action":null,"bulk_created":false,"task":6,"project":1,"updated_by":1,"parent_prediction":null,"parent_annotation":null,"last_created_by":null}],"file_upload":"6b20a97f-KH_aszf.txt","drafts":[],"predictions":[],"data":{"text":"Felhasználó: K&H vállalkozói e-bank szolgáltatás esetében az Ügyfél által, a szolgáltatásra irányadó feltételek szerint elektronikus banki műveletek végzésére felhatalmazott bármely személy."},"meta":{},"created_at":"2025-10-16T12:34:41.065271Z","updated_at":"2025-10-16T12:39:47.666055Z","inner_id":6,"total_annotations":1,"cancelled_annotations":0,"total_predictions":0,"comment_count":0,"unresolved_comment_count":0,"last_comment_updated_at":null,"project":1,"updated_by":1,"comment_authors":[]},{"id":7,"annotations":[{"id":7,"completed_by":1,"result":[{"value":{"choices":["3-Többé\/kevésbé megértem"]},"id":"XT1KcWyVwr","from_name":"sentiment","to_name":"text","type":"choices","origin":"manual"}],"was_cancelled":false,"ground_truth":false,"created_at":"2025-10-16T12:40:58.989135Z","updated_at":"2025-10-16T12:40:58.989222Z","draft_created_at":null,"lead_time":69.331,"prediction":{},"result_count":1,"unique_id":"a9423a58-284d-494a-a3d1-f5cefcbc22ef","import_id":null,"last_action":null,"bulk_created":false,"task":7,"project":1,"updated_by":1,"parent_prediction":null,"parent_annotation":null,"last_created_by":null}],"file_upload":"6b20a97f-KH_aszf.txt","drafts":[],"predictions":[],"data":{"text":"Hirdetmény: A Bank által az ügyfélforgalom számára nyitva álló helyiségében, a szolgáltatások igénybevételeinek feltételeit tartalmazó közlemény. A Hirdetmény tartalmazza többek között a szolgáltatások tartalmát, az igénybevételéhez szükséges eszközök paramétereit, illetve a díjakat, jutalékokat."},"meta":{},"created_at":"2025-10-16T12:34:41.065327Z","updated_at":"2025-10-16T12:40:59.332887Z","inner_id":7,"total_annotations":1,"cancelled_annotations":0,"total_predictions":0,"comment_count":0,"unresolved_comment_count":0,"last_comment_updated_at":null,"project":1,"updated_by":1,"comment_authors":[]},{"id":8,"annotations":[{"id":8,"completed_by":1,"result":[{"value":{"choices":["4-Érthető"]},"id":"8W4wHDTOtz","from_name":"sentiment","to_name":"text","type":"choices","origin":"manual"}],"was_cancelled":false,"ground_truth":false,"created_at":"2025-10-16T12:41:16.449831Z","updated_at":"2025-10-16T12:41:16.449869Z","draft_created_at":null,"lead_time":15.009,"prediction":{},"result_count":1,"unique_id":"16943a24-9717-4b10-9bd2-9b0a23f8390a","import_id":null,"last_action":null,"bulk_created":false,"task":8,"project":1,"updated_by":1,"parent_prediction":null,"parent_annotation":null,"last_created_by":null}],"file_upload":"6b20a97f-KH_aszf.txt","drafts":[],"predictions":[],"data":{"text":"Hozzáférési jog: A Felhasználó azon joga, mely egyértelműen meghatározza, hogy a Felhasználó a K&H e-bank szolgáltatás keretében milyen típusú elektronikus banki műveleteket végezhet."},"meta":{},"created_at":"2025-10-16T12:34:41.065381Z","updated_at":"2025-10-16T12:41:16.798674Z","inner_id":8,"total_annotations":1,"cancelled_annotations":0,"total_predictions":0,"comment_count":0,"unresolved_comment_count":0,"last_comment_updated_at":null,"project":1,"updated_by":1,"comment_authors":[]},{"id":9,"annotations":[{"id":9,"completed_by":1,"result":[{"value":{"choices":["3-Többé\/kevésbé megértem"]},"id":"3nul6OEDIX","from_name":"sentiment","to_name":"text","type":"choices","origin":"manual"}],"was_cancelled":false,"ground_truth":false,"created_at":"2025-10-16T12:41:38.921313Z","updated_at":"2025-10-16T12:41:38.921362Z","draft_created_at":null,"lead_time":19.374,"prediction":{},"result_count":1,"unique_id":"4fc68e19-016a-46f7-ba3b-5b888e198ea4","import_id":null,"last_action":null,"bulk_created":false,"task":9,"project":1,"updated_by":1,"parent_prediction":null,"parent_annotation":null,"last_created_by":null}],"file_upload":"6b20a97f-KH_aszf.txt","drafts":[],"predictions":[],"data":{"text":"Induló sms aktivizáló kód: A Bank az Ügyfél részére az e-azonosító számmal együtt átadott egyszer használatos jelszó, amelynek megküldésével az Ügyfél aktiválja az e-azonosító számát és megkapja az e- bank felületre történő első belépéshez szükséges egyszer használatos jelszót a banktól sms-ben."},"meta":{},"created_at":"2025-10-16T12:34:41.065588Z","updated_at":"2025-10-16T12:41:39.345381Z","inner_id":9,"total_annotations":1,"cancelled_annotations":0,"total_predictions":0,"comment_count":0,"unresolved_comment_count":0,"last_comment_updated_at":null,"project":1,"updated_by":1,"comment_authors":[]},{"id":10,"annotations":[{"id":10,"completed_by":1,"result":[{"value":{"choices":["2-Nehezen érthető"]},"id":"bsxfyAJxcn","from_name":"sentiment","to_name":"text","type":"choices","origin":"manual"}],"was_cancelled":false,"ground_truth":false,"created_at":"2025-10-16T12:41:44.357892Z","updated_at":"2025-10-16T12:41:44.357929Z","draft_created_at":null,"lead_time":3.302,"prediction":{},"result_count":1,"unique_id":"d83a1f2e-f441-4f69-90d9-2b150b9aa1b6","import_id":null,"last_action":null,"bulk_created":false,"task":10,"project":1,"updated_by":1,"parent_prediction":null,"parent_annotation":null,"last_created_by":null}],"file_upload":"6b20a97f-KH_aszf.txt","drafts":[],"predictions":[],"data":{"text":"K&H e-bank szolgáltatás: A Bank által az Ügyfelek részére nyújtott szolgáltatás, amely során az Ügyfelek a kapcsolódó kondíciókról az ide vonatkozó Hirdetményekben meghatározott, és K&H lakossági e-bank szolgáltatás esetén az https:\/\/ebank.khb.hu\/lakossag, K&H trambulin e-bank szolgáltatás esetén az https:\/\/ebank.khb.hu\/trambulin, K&H vállalkozói e-bank szolgáltatás esetén a https:\/\/ebank.khb.hu\/vallalat internetes címen elérhető szolgáltatásokat vehetik igénybe."},"meta":{},"created_at":"2025-10-16T12:34:41.065690Z","updated_at":"2025-10-16T12:41:44.744168Z","inner_id":10,"total_annotations":1,"cancelled_annotations":0,"total_predictions":0,"comment_count":0,"unresolved_comment_count":0,"last_comment_updated_at":null,"project":1,"updated_by":1,"comment_authors":[]},{"id":11,"annotations":[{"id":11,"completed_by":1,"result":[{"value":{"choices":["4-Érthető"]},"id":"D9A_Y6noD2","from_name":"sentiment","to_name":"text","type":"choices","origin":"manual"}],"was_cancelled":false,"ground_truth":false,"created_at":"2025-10-16T12:41:54.490566Z","updated_at":"2025-10-16T12:41:54.490613Z","draft_created_at":null,"lead_time":7.259,"prediction":{},"result_count":1,"unique_id":"e69776d3-e107-4c6b-b933-24a846b70293","import_id":null,"last_action":null,"bulk_created":false,"task":11,"project":1,"updated_by":1,"parent_prediction":null,"parent_annotation":null,"last_created_by":null}],"file_upload":"6b20a97f-KH_aszf.txt","drafts":[],"predictions":[],"data":{"text":"Meghajtó program: A chipkártya-olvasó üzemeltetéséhez szükséges program."},"meta":{},"created_at":"2025-10-16T12:34:41.065771Z","updated_at":"2025-10-16T12:41:54.915436Z","inner_id":11,"total_annotations":1,"cancelled_annotations":0,"total_predictions":0,"comment_count":0,"unresolved_comment_count":0,"last_comment_updated_at":null,"project":1,"updated_by":1,"comment_authors":[]},{"id":12,"annotations":[{"id":12,"completed_by":1,"result":[{"value":{"choices":["1-Nagyon nehezen érthető"]},"id":"wP9-_EAiui","from_name":"sentiment","to_name":"text","type":"choices","origin":"manual"}],"was_cancelled":false,"ground_truth":false,"created_at":"2025-10-16T12:42:08.261394Z","updated_at":"2025-10-16T12:42:08.261435Z","draft_created_at":null,"lead_time":4.811,"prediction":{},"result_count":1,"unique_id":"f60eb62f-1608-49d8-88c6-7875786faa47","import_id":null,"last_action":null,"bulk_created":false,"task":12,"project":1,"updated_by":1,"parent_prediction":null,"parent_annotation":null,"last_created_by":null}],"file_upload":"6b20a97f-KH_aszf.txt","drafts":[],"predictions":[],"data":{"text":"Minimális konfiguráció: A szolgáltatás igénybevételéhez szükséges minimális technikai feltételek."},"meta":{},"created_at":"2025-10-16T12:34:41.065848Z","updated_at":"2025-10-16T12:42:08.614704Z","inner_id":12,"total_annotations":1,"cancelled_annotations":0,"total_predictions":0,"comment_count":0,"unresolved_comment_count":0,"last_comment_updated_at":null,"project":1,"updated_by":1,"comment_authors":[]},{"id":13,"annotations":[{"id":13,"completed_by":1,"result":[{"value":{"choices":["3-Többé\/kevésbé megértem"]},"id":"oN_K6WfYS0","from_name":"sentiment","to_name":"text","type":"choices","origin":"manual"}],"was_cancelled":false,"ground_truth":false,"created_at":"2025-10-16T12:42:17.258313Z","updated_at":"2025-10-16T12:42:17.258341Z","draft_created_at":null,"lead_time":6.674,"prediction":{},"result_count":1,"unique_id":"d0c3e587-c9f2-4d69-89c1-95013356959e","import_id":null,"last_action":null,"bulk_created":false,"task":13,"project":1,"updated_by":1,"parent_prediction":null,"parent_annotation":null,"last_created_by":null}],"file_upload":"6b20a97f-KH_aszf.txt","drafts":[],"predictions":[],"data":{"text":"Nyilvános helyen történő üzemeltetés: Bármely a banki, illetőleg az otthoni számítógép-használat körén kívül eső hely."},"meta":{},"created_at":"2025-10-16T12:34:41.065923Z","updated_at":"2025-10-16T12:42:17.665036Z","inner_id":13,"total_annotations":1,"cancelled_annotations":0,"total_predictions":0,"comment_count":0,"unresolved_comment_count":0,"last_comment_updated_at":null,"project":1,"updated_by":1,"comment_authors":[]},{"id":14,"annotations":[{"id":14,"completed_by":1,"result":[{"value":{"choices":["3-Többé\/kevésbé megértem"]},"id":"N0RGc8ygo4","from_name":"sentiment","to_name":"text","type":"choices","origin":"manual"}],"was_cancelled":false,"ground_truth":false,"created_at":"2025-10-16T12:42:25.534119Z","updated_at":"2025-10-16T12:42:25.534180Z","draft_created_at":null,"lead_time":5.112,"prediction":{},"result_count":1,"unique_id":"15ec8e2d-c7e5-49ac-bf76-f7f3cf544038","import_id":null,"last_action":null,"bulk_created":false,"task":14,"project":1,"updated_by":1,"parent_prediction":null,"parent_annotation":null,"last_created_by":null}],"file_upload":"6b20a97f-KH_aszf.txt","drafts":[],"predictions":[],"data":{"text":"Olvasó: A szolgáltatás igénybevételéhez szükséges chipkártya-olvasó."},"meta":{},"created_at":"2025-10-16T12:34:41.065997Z","updated_at":"2025-10-16T12:42:25.932781Z","inner_id":14,"total_annotations":1,"cancelled_annotations":0,"total_predictions":0,"comment_count":0,"unresolved_comment_count":0,"last_comment_updated_at":null,"project":1,"updated_by":1,"comment_authors":[]},{"id":15,"annotations":[{"id":15,"completed_by":1,"result":[{"value":{"choices":["3-Többé\/kevésbé megértem"]},"id":"HEW4Caevkp","from_name":"sentiment","to_name":"text","type":"choices","origin":"manual"}],"was_cancelled":false,"ground_truth":false,"created_at":"2025-10-16T12:42:36.424879Z","updated_at":"2025-10-16T12:42:36.424922Z","draft_created_at":null,"lead_time":8.679,"prediction":{},"result_count":1,"unique_id":"8e9e1f76-b41d-441b-9b56-a4deeda0cb23","import_id":null,"last_action":null,"bulk_created":false,"task":15,"project":1,"updated_by":1,"parent_prediction":null,"parent_annotation":null,"last_created_by":null}],"file_upload":"6b20a97f-KH_aszf.txt","drafts":[],"predictions":[],"data":{"text":"PIN kód (Personal Identification Number): Az a szigorú biztonsági előírások mellett készített, újra elő nem állítható, adott személyre vonatkozó titkos személyi azonosító kód, amelyet a Bank az Ügyfél\/Felhasználó részére eljuttat, és amely lehetővé teszi az azonosító kártya használatával a szolgáltatás igénybevételét."},"meta":{},"created_at":"2025-10-16T12:34:41.066075Z","updated_at":"2025-10-16T12:42:36.709296Z","inner_id":15,"total_annotations":1,"cancelled_annotations":0,"total_predictions":0,"comment_count":0,"unresolved_comment_count":0,"last_comment_updated_at":null,"project":1,"updated_by":1,"comment_authors":[]},{"id":16,"annotations":[{"id":16,"completed_by":1,"result":[{"value":{"choices":["4-Érthető"]},"id":"7m3XMDtIPO","from_name":"sentiment","to_name":"text","type":"choices","origin":"manual"}],"was_cancelled":false,"ground_truth":false,"created_at":"2025-10-16T12:42:43.337586Z","updated_at":"2025-10-16T12:42:43.337625Z","draft_created_at":null,"lead_time":4.76,"prediction":{},"result_count":1,"unique_id":"353c2abd-94e4-437a-b1db-328ba8f47efc","import_id":null,"last_action":null,"bulk_created":false,"task":16,"project":1,"updated_by":1,"parent_prediction":null,"parent_annotation":null,"last_created_by":null}],"file_upload":"6b20a97f-KH_aszf.txt","drafts":[],"predictions":[],"data":{"text":"Ügyfél: A szolgáltatás alapjául szolgáló bankszámlaszerződéssel rendelkező természetes személy, illetve gazdálkodó és egyéb szervezetek."},"meta":{},"created_at":"2025-10-16T12:34:41.066150Z","updated_at":"2025-10-16T12:42:43.689502Z","inner_id":16,"total_annotations":1,"cancelled_annotations":0,"total_predictions":0,"comment_count":0,"unresolved_comment_count":0,"last_comment_updated_at":null,"project":1,"updated_by":1,"comment_authors":[]},{"id":17,"annotations":[{"id":17,"completed_by":1,"result":[{"value":{"choices":["2-Nehezen érthető"]},"id":"phfV-Cj0nF","from_name":"sentiment","to_name":"text","type":"choices","origin":"manual"}],"was_cancelled":false,"ground_truth":false,"created_at":"2025-10-16T12:42:57.815791Z","updated_at":"2025-10-16T12:42:57.815830Z","draft_created_at":null,"lead_time":9.719,"prediction":{},"result_count":1,"unique_id":"da3fb6c0-4e75-4945-a779-c3b6913b318c","import_id":null,"last_action":null,"bulk_created":false,"task":17,"project":1,"updated_by":1,"parent_prediction":null,"parent_annotation":null,"last_created_by":null}],"file_upload":"6b20a97f-KH_aszf.txt","drafts":[],"predictions":[],"data":{"text":"Üzemeltető: Az, aki a Banktól függetlenül biztosítja a szolgáltatás eléréséhez szükséges, Hirdetményben meghatározott eszközöket."},"meta":{},"created_at":"2025-10-16T12:34:41.066223Z","updated_at":"2025-10-16T12:42:58.202943Z","inner_id":17,"total_annotations":1,"cancelled_annotations":0,"total_predictions":0,"comment_count":0,"unresolved_comment_count":0,"last_comment_updated_at":null,"project":1,"updated_by":1,"comment_authors":[]},{"id":19,"annotations":[{"id":18,"completed_by":1,"result":[{"value":{"choices":["3-Többé\/kevésbé megértem"]},"id":"WS4dpVYrsV","from_name":"sentiment","to_name":"text","type":"choices","origin":"manual"}],"was_cancelled":false,"ground_truth":false,"created_at":"2025-10-16T12:43:10.220611Z","updated_at":"2025-10-16T12:43:10.220659Z","draft_created_at":null,"lead_time":7.938,"prediction":{},"result_count":1,"unique_id":"f921e751-44d8-4940-961b-3c31b5978a35","import_id":null,"last_action":null,"bulk_created":false,"task":19,"project":1,"updated_by":1,"parent_prediction":null,"parent_annotation":null,"last_created_by":null}],"file_upload":"6b20a97f-KH_aszf.txt","drafts":[],"predictions":[],"data":{"text":"2.1 A Bank a vonatkozó ÁSZF, a vonatkozó Hirdetmény és a Bank Üzletszabályzatának Ügyfél\/Felhasználó általi elfogadásával K&H e-bank szolgáltatást nyújt az Ügyfél\/Felhasználó részére, s e szolgáltatások igénybevételéhez – az Ügyfél rendelkezésének megfelelően – e-bank azonosító kártyát vagy – az ügyfél választása szerint - e-azonosító számot bocsát ki."},"meta":{},"created_at":"2025-10-16T12:34:41.066373Z","updated_at":"2025-10-16T12:43:10.618002Z","inner_id":19,"total_annotations":1,"cancelled_annotations":0,"total_predictions":0,"comment_count":0,"unresolved_comment_count":0,"last_comment_updated_at":null,"project":1,"updated_by":1,"comment_authors":[]},{"id":20,"annotations":[{"id":19,"completed_by":1,"result":[{"value":{"choices":["2-Nehezen érthető"]},"id":"xJQBqJ24Ih","from_name":"sentiment","to_name":"text","type":"choices","origin":"manual"}],"was_cancelled":false,"ground_truth":false,"created_at":"2025-10-16T12:43:46.677635Z","updated_at":"2025-10-16T12:43:46.677676Z","draft_created_at":null,"lead_time":34.452,"prediction":{},"result_count":1,"unique_id":"ddec9290-7e57-4b91-8175-bd949133bd48","import_id":null,"last_action":null,"bulk_created":false,"task":20,"project":1,"updated_by":1,"parent_prediction":null,"parent_annotation":null,"last_created_by":null}],"file_upload":"6b20a97f-KH_aszf.txt","drafts":[],"predictions":[],"data":{"text":"2.2 Az Ügyfél köteles rendelkezni az e-bank szolgáltatás igénybevételéhez szükséges, a Bank által meghatározott berendezésekkel, illetőleg ilyen berendezések használatára jogosultnak kell lennie. Ezen berendezések valamint a szolgáltatás igénybevételéhez szükséges egyéb eszközök műszaki jellemzőit, használatát az Ügyfél köteles megismerni."},"meta":{},"created_at":"2025-10-16T12:34:41.066449Z","updated_at":"2025-10-16T12:43:46.987314Z","inner_id":20,"total_annotations":1,"cancelled_annotations":0,"total_predictions":0,"comment_count":0,"unresolved_comment_count":0,"last_comment_updated_at":null,"project":1,"updated_by":1,"comment_authors":[]},{"id":21,"annotations":[{"id":20,"completed_by":1,"result":[{"value":{"choices":["3-Többé\/kevésbé megértem"]},"id":"tyCRrHkbJw","from_name":"sentiment","to_name":"text","type":"choices","origin":"manual"}],"was_cancelled":false,"ground_truth":false,"created_at":"2025-10-16T12:43:57.700960Z","updated_at":"2025-10-16T12:43:57.700997Z","draft_created_at":null,"lead_time":8.793,"prediction":{},"result_count":1,"unique_id":"acf20407-bb6d-4841-aeba-bd8a59566362","import_id":null,"last_action":null,"bulk_created":false,"task":21,"project":1,"updated_by":1,"parent_prediction":null,"parent_annotation":null,"last_created_by":null}],"file_upload":"6b20a97f-KH_aszf.txt","drafts":[],"predictions":[],"data":{"text":"2.3 Az Ügyfél\/Felhasználó az e-bank szolgáltatás keretében banki szolgáltatásokat vehet igénybe. A szolgáltatási kört a Bank ügyfélforgalom számára nyitva álló helyiségeiben és az interneten közzétett Hirdetmény tartalmazza."},"meta":{},"created_at":"2025-10-16T12:34:41.066525Z","updated_at":"2025-10-16T12:43:58.131983Z","inner_id":21,"total_annotations":1,"cancelled_annotations":0,"total_predictions":0,"comment_count":0,"unresolved_comment_count":0,"last_comment_updated_at":null,"project":1,"updated_by":1,"comment_authors":[]},{"id":22,"annotations":[{"id":21,"completed_by":1,"result":[{"value":{"choices":["2-Nehezen érthető"]},"id":"vSzYO4HTjc","from_name":"sentiment","to_name":"text","type":"choices","origin":"manual"}],"was_cancelled":false,"ground_truth":false,"created_at":"2025-10-16T12:44:10.065133Z","updated_at":"2025-10-16T12:44:10.065176Z","draft_created_at":null,"lead_time":10.332,"prediction":{},"result_count":1,"unique_id":"0cd04dbe-a48f-4bac-839a-6855b4e810af","import_id":null,"last_action":null,"bulk_created":false,"task":22,"project":1,"updated_by":1,"parent_prediction":null,"parent_annotation":null,"last_created_by":null}],"file_upload":"6b20a97f-KH_aszf.txt","drafts":[],"predictions":[],"data":{"text":"2.4 A Bank a szolgáltatások igénybevételéért a Hirdetményben meghatározott díjakat, költségeket vagy jutalékokat számítja fel. A Bank jogosult az esedékes díjakat, jutalékokat illetve költségeket a Hirdetményben meghatározott időpontban az Ügyfél bankszámlájára terhelni. A Hirdetményben közzétett díjak, költségek, jutalékok nem tartalmazzák a szolgáltatások igénybevételével végrehajtott tranzakcióknak a vonatkozó Hirdetményben meghatározott mértékű díjait, költségeit, jutalékait."},"meta":{},"created_at":"2025-10-16T12:34:41.066602Z","updated_at":"2025-10-16T12:44:10.329081Z","inner_id":22,"total_annotations":1,"cancelled_annotations":0,"total_predictions":0,"comment_count":0,"unresolved_comment_count":0,"last_comment_updated_at":null,"project":1,"updated_by":1,"comment_authors":[]},{"id":23,"annotations":[{"id":22,"completed_by":1,"result":[{"value":{"choices":["1-Nagyon nehezen érthető"]},"id":"pAN_ehTQHR","from_name":"sentiment","to_name":"text","type":"choices","origin":"manual"}],"was_cancelled":false,"ground_truth":false,"created_at":"2025-10-16T12:44:25.539951Z","updated_at":"2025-10-16T12:44:25.539980Z","draft_created_at":null,"lead_time":13.434,"prediction":{},"result_count":1,"unique_id":"300a9fa2-4ed9-4652-8fb4-e9831a7d3d8b","import_id":null,"last_action":null,"bulk_created":false,"task":23,"project":1,"updated_by":1,"parent_prediction":null,"parent_annotation":null,"last_created_by":null}],"file_upload":"6b20a97f-KH_aszf.txt","drafts":[],"predictions":[],"data":{"text":"2.5 Az Ügyfél a Bankkal szemben, a jelen ÁSZF alapján keletkező valamennyi fizetési kötelezettségének köteles esedékességkor, illetve felmerülésekor eleget tenni. A Bank jogosult arra, hogy az Ügyféllel szemben keletkező követelését az Ügyfél banknál vezetett bármely számlájával szemben elszámolja, illetve az Ügyfél egyéb számláján alapuló, vagy a Bankkal szemben egyébként fennálló követelésébe beszámítsa."},"meta":{},"created_at":"2025-10-16T12:34:41.066682Z","updated_at":"2025-10-16T12:44:25.856512Z","inner_id":23,"total_annotations":1,"cancelled_annotations":0,"total_predictions":0,"comment_count":0,"unresolved_comment_count":0,"last_comment_updated_at":null,"project":1,"updated_by":1,"comment_authors":[]},{"id":24,"annotations":[{"id":23,"completed_by":1,"result":[{"value":{"choices":["3-Többé\/kevésbé megértem"]},"id":"cbtHpTT0ga","from_name":"sentiment","to_name":"text","type":"choices","origin":"manual"}],"was_cancelled":false,"ground_truth":false,"created_at":"2025-10-16T12:44:46.632968Z","updated_at":"2025-10-16T12:44:46.633009Z","draft_created_at":null,"lead_time":18.47,"prediction":{},"result_count":1,"unique_id":"99b723a2-4fa4-4fa9-9bef-76e21e05750a","import_id":null,"last_action":null,"bulk_created":false,"task":24,"project":1,"updated_by":1,"parent_prediction":null,"parent_annotation":null,"last_created_by":null}],"file_upload":"6b20a97f-KH_aszf.txt","drafts":[],"predictions":[],"data":{"text":"2.6 A szolgáltatás igénybevételére az Ügyfél\/Felhasználó attól a naptól kezdve jogosult, amely napon a szolgáltatás igénybevételéhez szükséges e-bank azonosító kártyát, valamint a PIN kódot átvette, illetőleg e-azonosító szám igénylése esetén az e-azonosító számról és a hozzá kapcsolódó induló sms aktivizáló kódról az igénylés és a Bank által kibocsátott tájékoztató levél egy példányának átvételekor értesült."},"meta":{},"created_at":"2025-10-16T12:34:41.066759Z","updated_at":"2025-10-16T12:44:47.079006Z","inner_id":24,"total_annotations":1,"cancelled_annotations":0,"total_predictions":0,"comment_count":0,"unresolved_comment_count":0,"last_comment_updated_at":null,"project":1,"updated_by":1,"comment_authors":[]},{"id":25,"annotations":[{"id":24,"completed_by":1,"result":[{"value":{"choices":["1-Nagyon nehezen érthető"]},"id":"RMLw85bDp9","from_name":"sentiment","to_name":"text","type":"choices","origin":"manual"}],"was_cancelled":false,"ground_truth":false,"created_at":"2025-10-16T12:44:55.925272Z","updated_at":"2025-10-16T12:44:55.925303Z","draft_created_at":null,"lead_time":4.109,"prediction":{},"result_count":1,"unique_id":"0c5adf47-025e-4f28-8134-c719dded2239","import_id":null,"last_action":null,"bulk_created":false,"task":25,"project":1,"updated_by":1,"parent_prediction":null,"parent_annotation":null,"last_created_by":null}],"file_upload":"6b20a97f-KH_aszf.txt","drafts":[],"predictions":[],"data":{"text":"2.7 A Bank az e-bank azonosító kártya, az e-azonosító szám valamint a szolgáltatás igénybevételéhez szükséges chipkártya-olvasó átvételéről és módjáról értesíti az Ügyfelet\/Felhasználót. Amennyiben az Ügyfél a Bank mindenkori értesítése alapján nem veszi át az elkészített e-bank azonosító kártyát, illetve az e-azonosító számot, a Bank az ebből származó károkért (különösen az e-bank azonosító kártya, illetve e-azonosító szám használati idejének rövidülése) felelősséget nem vállal. A Bank az át nem vett e-bank azonosító kártya, illetve e-azonosító szám vonatkozásában is érvényesíti az e-bank azonosító kártya, illetve e-azonosító szám Hirdetményben meghatározott díját."},"meta":{},"created_at":"2025-10-16T12:34:41.066840Z","updated_at":"2025-10-16T12:44:56.298023Z","inner_id":25,"total_annotations":1,"cancelled_annotations":0,"total_predictions":0,"comment_count":0,"unresolved_comment_count":0,"last_comment_updated_at":null,"project":1,"updated_by":1,"comment_authors":[]},{"id":26,"annotations":[{"id":25,"completed_by":1,"result":[{"value":{"choices":["4-Érthető"]},"id":"Y-iZhpveZc","from_name":"sentiment","to_name":"text","type":"choices","origin":"manual"}],"was_cancelled":false,"ground_truth":false,"created_at":"2025-10-16T12:45:07.333066Z","updated_at":"2025-10-16T12:45:07.333103Z","draft_created_at":null,"lead_time":8.983,"prediction":{},"result_count":1,"unique_id":"eee51e85-507a-480c-8af2-d0b6e741ae63","import_id":null,"last_action":null,"bulk_created":false,"task":26,"project":1,"updated_by":1,"parent_prediction":null,"parent_annotation":null,"last_created_by":null}],"file_upload":"6b20a97f-KH_aszf.txt","drafts":[],"predictions":[],"data":{"text":"2.8 Az Ügyfél\/Felhasználó az ÁSZF-nek megfelelően igénybe vett szolgáltatás esetén a beazonosítást követően adott utasításokat sajátjaként ismeri el, azokért teljes felelősséget vállal."},"meta":{},"created_at":"2025-10-16T12:34:41.066915Z","updated_at":"2025-10-16T12:45:07.675555Z","inner_id":26,"total_annotations":1,"cancelled_annotations":0,"total_predictions":0,"comment_count":0,"unresolved_comment_count":0,"last_comment_updated_at":null,"project":1,"updated_by":1,"comment_authors":[]},{"id":27,"annotations":[{"id":26,"completed_by":1,"result":[{"value":{"choices":["4-Érthető"]},"id":"oe_Z7W72cA","from_name":"sentiment","to_name":"text","type":"choices","origin":"manual"}],"was_cancelled":false,"ground_truth":false,"created_at":"2025-10-16T12:46:07.078567Z","updated_at":"2025-10-16T12:46:07.078612Z","draft_created_at":null,"lead_time":57.845,"prediction":{},"result_count":1,"unique_id":"37716285-99c7-4bb1-ba79-9cfc86ca9841","import_id":null,"last_action":null,"bulk_created":false,"task":27,"project":1,"updated_by":1,"parent_prediction":null,"parent_annotation":null,"last_created_by":null}],"file_upload":"6b20a97f-KH_aszf.txt","drafts":[],"predictions":[],"data":{"text":"2.11 Az Ügyfél az általa a szolgáltatás használatára felhatalmazott Felhasználókat és hozzáférési jogainak terjedelmét az Adatlap elnevezésű nyomtatványon adja meg a Banknak."},"meta":{},"created_at":"2025-10-16T12:34:41.066989Z","updated_at":"2025-10-16T12:46:07.452944Z","inner_id":27,"total_annotations":1,"cancelled_annotations":0,"total_predictions":0,"comment_count":0,"unresolved_comment_count":0,"last_comment_updated_at":null,"project":1,"updated_by":1,"comment_authors":[]},{"id":28,"annotations":[{"id":27,"completed_by":1,"result":[{"value":{"choices":["4-Érthető"]},"id":"FmMqnEuORA","from_name":"sentiment","to_name":"text","type":"choices","origin":"manual"}],"was_cancelled":false,"ground_truth":false,"created_at":"2025-10-16T12:47:01.486391Z","updated_at":"2025-10-16T12:47:01.486434Z","draft_created_at":"2025-10-16T12:47:00.157854Z","lead_time":52.364,"prediction":{},"result_count":1,"unique_id":"08e3b4fe-5ef0-410e-b32c-a9f7a33e2854","import_id":null,"last_action":null,"bulk_created":false,"task":28,"project":1,"updated_by":1,"parent_prediction":null,"parent_annotation":null,"last_created_by":null}],"file_upload":"6b20a97f-KH_aszf.txt","drafts":[],"predictions":[],"data":{"text":"2.14 Tekintettel arra, hogy az Ügyfél K&H Trambulin 14+ számla esetén korlátozottan cselekvőképes kiskorú személy, a K&H Trambulin e-bank szolgáltatás érvényes igénybevételéhez szükséges, hogy az Ügyfél törvényes képviselője „hozzájáruló nyilatkozatot tegyen és készfizető kezességvállalást vállaljon."},"meta":{},"created_at":"2025-10-16T12:34:41.067184Z","updated_at":"2025-10-16T12:47:01.827513Z","inner_id":28,"total_annotations":1,"cancelled_annotations":0,"total_predictions":0,"comment_count":0,"unresolved_comment_count":0,"last_comment_updated_at":null,"project":1,"updated_by":1,"comment_authors":[]},{"id":30,"annotations":[{"id":28,"completed_by":1,"result":[{"value":{"choices":["2-Nehezen érthető"]},"id":"FRsbluB89p","from_name":"sentiment","to_name":"text","type":"choices","origin":"manual"}],"was_cancelled":false,"ground_truth":false,"created_at":"2025-10-16T12:47:16.621314Z","updated_at":"2025-10-16T12:47:16.621353Z","draft_created_at":null,"lead_time":5.96,"prediction":{},"result_count":1,"unique_id":"ca182271-cac1-4e6d-81e6-932140ee8dfc","import_id":null,"last_action":null,"bulk_created":false,"task":30,"project":1,"updated_by":1,"parent_prediction":null,"parent_annotation":null,"last_created_by":null}],"file_upload":"6b20a97f-KH_aszf.txt","drafts":[],"predictions":[],"data":{"text":"3.1 A Bank biztosítja az Ügyfél\/Felhasználó részére – igényének megfelelően – a Bank tulajdonát képező, a szolgáltatás igénybevételéhez szükséges eszközöket: az e-bank azonosító kártyát és az Olvasót, valamint az ezek használatát bemutató telepítési útmutatót. A szolgáltatás igénybevételét segítő felhasználói kézikönyv lakossági e-bank szolgáltatás esetén a https:\/\/ebank.khb.hu\/lakossag, trambulin e-bank szolgáltatás esetén a https:\/\/ebank.khb.hu\/trambulin, míg vállalkozói e-bank szolgáltatás esetén a https:\/\/ebank.khb.hu\/vallalat oldalon tölthető le. Az olvasó a Bank tulajdonát képezi, az Ügyfél\/Felhasználó, mint birtokos azt csak használatba kapja."},"meta":{},"created_at":"2025-10-16T12:34:41.067300Z","updated_at":"2025-10-16T12:47:17.025533Z","inner_id":30,"total_annotations":1,"cancelled_annotations":0,"total_predictions":0,"comment_count":0,"unresolved_comment_count":0,"last_comment_updated_at":null,"project":1,"updated_by":1,"comment_authors":[]},{"id":31,"annotations":[{"id":29,"completed_by":1,"result":[{"value":{"choices":["3-Többé\/kevésbé megértem"]},"id":"svJTzU8275","from_name":"sentiment","to_name":"text","type":"choices","origin":"manual"}],"was_cancelled":false,"ground_truth":false,"created_at":"2025-10-16T12:47:31.137854Z","updated_at":"2025-10-16T12:47:31.137923Z","draft_created_at":null,"lead_time":11.127,"prediction":{},"result_count":1,"unique_id":"8dfcf1ee-1858-4984-9b18-e39a075afef8","import_id":null,"last_action":null,"bulk_created":false,"task":31,"project":1,"updated_by":1,"parent_prediction":null,"parent_annotation":null,"last_created_by":null}],"file_upload":"6b20a97f-KH_aszf.txt","drafts":[],"predictions":[],"data":{"text":"3.2 Az Ügyfél köteles a Bank által rendelkezésére bocsátott olvasót és e-bank azonosító kártyát rendeltetésének megfelelően használni, annak állagát, épségét megőrizni. Az Ügyfél köteles az olvasóban bekövetkezett károkat a Banknak, a Hirdetmény szerint megtéríteni. Az olvasó és az e-bank azonosító kártya használata során az Ügyfél köteles a Bank által a rendelkezésére bocsátott telepítési útmutató szerint eljárni, az abban meghatározott előírásokat betartani."},"meta":{},"created_at":"2025-10-16T12:34:41.067354Z","updated_at":"2025-10-16T12:47:31.573881Z","inner_id":31,"total_annotations":1,"cancelled_annotations":0,"total_predictions":0,"comment_count":0,"unresolved_comment_count":0,"last_comment_updated_at":null,"project":1,"updated_by":1,"comment_authors":[]},{"id":32,"annotations":[{"id":30,"completed_by":1,"result":[{"value":{"choices":["4-Érthető"]},"id":"bvHnBNw-sJ","from_name":"sentiment","to_name":"text","type":"choices","origin":"manual"}],"was_cancelled":false,"ground_truth":false,"created_at":"2025-10-16T12:49:35.979151Z","updated_at":"2025-10-16T12:49:35.979188Z","draft_created_at":null,"lead_time":6.342,"prediction":{},"result_count":1,"unique_id":"c67223fd-1500-4089-ae37-f29d8167de57","import_id":null,"last_action":null,"bulk_created":false,"task":32,"project":1,"updated_by":1,"parent_prediction":null,"parent_annotation":null,"last_created_by":null}],"file_upload":"6b20a97f-KH_aszf.txt","drafts":[],"predictions":[],"data":{"text":"3.3 A Bank fenntartja a jogát arra, hogy az olvasó használata vonatkozásában további előírásokat határozzon meg."},"meta":{},"created_at":"2025-10-16T12:34:41.067406Z","updated_at":"2025-10-16T12:49:36.383805Z","inner_id":32,"total_annotations":1,"cancelled_annotations":0,"total_predictions":0,"comment_count":0,"unresolved_comment_count":0,"last_comment_updated_at":null,"project":1,"updated_by":1,"comment_authors":[]},{"id":33,"annotations":[{"id":31,"completed_by":1,"result":[{"value":{"choices":["4-Érthető"]},"id":"RdBA2RIipg","from_name":"sentiment","to_name":"text","type":"choices","origin":"manual"}],"was_cancelled":false,"ground_truth":false,"created_at":"2025-10-16T13:00:56.724970Z","updated_at":"2025-10-16T13:00:56.725014Z","draft_created_at":null,"lead_time":8.8,"prediction":{},"result_count":1,"unique_id":"b4bd4b80-35c8-4dc2-95c3-7d80dbd9227f","import_id":null,"last_action":null,"bulk_created":false,"task":33,"project":1,"updated_by":1,"parent_prediction":null,"parent_annotation":null,"last_created_by":null}],"file_upload":"6b20a97f-KH_aszf.txt","drafts":[],"predictions":[],"data":{"text":"3.4 Az Ügyfél köteles haladéktalanul értesíteni a Bankot az olvasó megrongálódásáról, meghibásodásáról, elvesztéséről, ellopásáról, illetve minden egyéb az olvasót érintő eseményről. Meghibásodás esetén az Ügyfél kérésére a Bank gondoskodik az olvasó cseréjéről."},"meta":{},"created_at":"2025-10-16T12:34:41.067459Z","updated_at":"2025-10-16T13:00:57.055508Z","inner_id":33,"total_annotations":1,"cancelled_annotations":0,"total_predictions":0,"comment_count":0,"unresolved_comment_count":0,"last_comment_updated_at":null,"project":1,"updated_by":1,"comment_authors":[]},{"id":34,"annotations":[{"id":32,"completed_by":1,"result":[{"value":{"choices":["3-Többé\/kevésbé megértem"]},"id":"cKmKba7hGC","from_name":"sentiment","to_name":"text","type":"choices","origin":"manual"}],"was_cancelled":false,"ground_truth":false,"created_at":"2025-10-16T13:01:04.129930Z","updated_at":"2025-10-16T13:01:04.129978Z","draft_created_at":null,"lead_time":5.602,"prediction":{},"result_count":1,"unique_id":"56e67893-650d-49aa-b5f0-9e9e9b2a210e","import_id":null,"last_action":null,"bulk_created":false,"task":34,"project":1,"updated_by":1,"parent_prediction":null,"parent_annotation":null,"last_created_by":null}],"file_upload":"6b20a97f-KH_aszf.txt","drafts":[],"predictions":[],"data":{"text":"3.5 A Bank az e-bank azonosító kártyához PIN kódot mellékel, amelyet az Ügyfél zárt borítékban kap kézhez. A Bank az e-bank azonosító kártyát, a PIN borítékot kizárólag az Ügyfél illetve vállalkozói e- bank esetében a Felhasználó részére adja át, az átadáskor meghatalmazást nem fogad el. A PIN boríték sértetlenségét az e-bank azonosító kártya átvételekor az átvételi elismervényen az Ügyfél\/Felhasználó igazolja. Amennyiben az Ügyfél csak e-azonosító számot igényel, az e-azonosító számot és a hozzá kapcsolódó sms aktivizáló kódot a Bank tájékoztató levélben határozza meg, amelyet a Bank kizárólag személyesen az Ügyfél részére adhat át. A tájékoztató levél egy példányának átvételét az Ügyfél aláírásával igazolja."},"meta":{},"created_at":"2025-10-16T12:34:41.067515Z","updated_at":"2025-10-16T13:01:04.563309Z","inner_id":34,"total_annotations":1,"cancelled_annotations":0,"total_predictions":0,"comment_count":0,"unresolved_comment_count":0,"last_comment_updated_at":null,"project":1,"updated_by":1,"comment_authors":[]},{"id":35,"annotations":[{"id":33,"completed_by":1,"result":[{"value":{"choices":["3-Többé\/kevésbé megértem"]},"id":"YSIxhJzVuV","from_name":"sentiment","to_name":"text","type":"choices","origin":"manual"}],"was_cancelled":false,"ground_truth":false,"created_at":"2025-10-16T13:01:19.932378Z","updated_at":"2025-10-16T13:01:19.932413Z","draft_created_at":null,"lead_time":13.015,"prediction":{},"result_count":1,"unique_id":"d90336d1-c380-466f-9f9b-d6a487a186ec","import_id":null,"last_action":null,"bulk_created":false,"task":35,"project":1,"updated_by":1,"parent_prediction":null,"parent_annotation":null,"last_created_by":null}],"file_upload":"6b20a97f-KH_aszf.txt","drafts":[],"predictions":[],"data":{"text":"3.6 A Bank a szolgáltatással kapcsolatos problémák, ill. az egyes műveletekkel kapcsolatos észrevételek fogadására és kezelésére telefonos ügyfélszolgálatot tart fenn, melyet az ügyfelek a Hirdetményben meghatározott telefonszámon és ügyfélszolgálati időben érhetnek el."},"meta":{},"created_at":"2025-10-16T12:34:41.067568Z","updated_at":"2025-10-16T13:01:20.307105Z","inner_id":35,"total_annotations":1,"cancelled_annotations":0,"total_predictions":0,"comment_count":0,"unresolved_comment_count":0,"last_comment_updated_at":null,"project":1,"updated_by":1,"comment_authors":[]},{"id":36,"annotations":[{"id":34,"completed_by":1,"result":[{"value":{"choices":["4-Érthető"]},"id":"aAeFirUQ4m","from_name":"sentiment","to_name":"text","type":"choices","origin":"manual"}],"was_cancelled":false,"ground_truth":false,"created_at":"2025-10-16T13:01:41.070887Z","updated_at":"2025-10-16T13:01:41.070939Z","draft_created_at":null,"lead_time":18.667,"prediction":{},"result_count":1,"unique_id":"e6bcbdc3-ba9c-411c-b296-aa39a9bce078","import_id":null,"last_action":null,"bulk_created":false,"task":36,"project":1,"updated_by":1,"parent_prediction":null,"parent_annotation":null,"last_created_by":null}],"file_upload":"6b20a97f-KH_aszf.txt","drafts":[],"predictions":[],"data":{"text":"3.7 Ha az Ügyfél elektronikus banki műveletet hajt végre, a megbízás vagy értesítés Bankhoz történő érkezési időpontjának a Bank számítógépes rendszere által megállapított és rögzített időpont tekintendő."},"meta":{},"created_at":"2025-10-16T12:34:41.067622Z","updated_at":"2025-10-16T13:01:41.535976Z","inner_id":36,"total_annotations":1,"cancelled_annotations":0,"total_predictions":0,"comment_count":0,"unresolved_comment_count":0,"last_comment_updated_at":null,"project":1,"updated_by":1,"comment_authors":[]},{"id":37,"annotations":[{"id":35,"completed_by":1,"result":[{"value":{"choices":["2-Nehezen érthető"]},"id":"tM3fcGwmc1","from_name":"sentiment","to_name":"text","type":"choices","origin":"manual"}],"was_cancelled":false,"ground_truth":false,"created_at":"2025-10-16T13:02:01.395312Z","updated_at":"2025-10-16T13:02:01.395360Z","draft_created_at":null,"lead_time":18.332,"prediction":{},"result_count":1,"unique_id":"aed9f69a-1af9-4f47-b571-5758ef9ed3f5","import_id":null,"last_action":null,"bulk_created":false,"task":37,"project":1,"updated_by":1,"parent_prediction":null,"parent_annotation":null,"last_created_by":null}],"file_upload":"6b20a97f-KH_aszf.txt","drafts":[],"predictions":[],"data":{"text":"3.8 A Bank a szolgáltatás igénybevételével végrehajtott tranzakciók teljesítéséről e-bank szolgáltatás esetén, a bankszámla kivonaton értesíti az Ügyfelet."},"meta":{},"created_at":"2025-10-16T12:34:41.067674Z","updated_at":"2025-10-16T13:02:01.779557Z","inner_id":37,"total_annotations":1,"cancelled_annotations":0,"total_predictions":0,"comment_count":0,"unresolved_comment_count":0,"last_comment_updated_at":null,"project":1,"updated_by":1,"comment_authors":[]},{"id":38,"annotations":[{"id":36,"completed_by":1,"result":[{"value":{"choices":["4-Érthető"]},"id":"s5LZ_aaKZE","from_name":"sentiment","to_name":"text","type":"choices","origin":"manual"}],"was_cancelled":false,"ground_truth":false,"created_at":"2025-10-16T13:02:22.136518Z","updated_at":"2025-10-16T13:02:22.136560Z","draft_created_at":null,"lead_time":18.225,"prediction":{},"result_count":1,"unique_id":"c5b9ebb6-d3f4-4a1f-855e-044d8b74adb6","import_id":null,"last_action":null,"bulk_created":false,"task":38,"project":1,"updated_by":1,"parent_prediction":null,"parent_annotation":null,"last_created_by":null}],"file_upload":"6b20a97f-KH_aszf.txt","drafts":[],"predictions":[],"data":{"text":"3.9 A Bank a szolgáltatások igénybevétele útján felvett megbízásokat, az írásbeli megbízásokkal azonos tartalmi követelményekkel fogadja be és kezeli. A hatályos jogszabályi rendelkezéseknek nem megfelelő, hiányos, hibás vagy egyébként nem megfelelő adatokat tartalmazó megbízások teljesítését a Bank jogosult megtagadni."},"meta":{},"created_at":"2025-10-16T12:34:41.067728Z","updated_at":"2025-10-16T13:02:22.482557Z","inner_id":38,"total_annotations":1,"cancelled_annotations":0,"total_predictions":0,"comment_count":0,"unresolved_comment_count":0,"last_comment_updated_at":null,"project":1,"updated_by":1,"comment_authors":[]},{"id":39,"annotations":[{"id":37,"completed_by":1,"result":[{"value":{"choices":["3-Többé\/kevésbé megértem"]},"id":"ejxWlZlbNk","from_name":"sentiment","to_name":"text","type":"choices","origin":"manual"}],"was_cancelled":false,"ground_truth":false,"created_at":"2025-10-16T13:02:48.051701Z","updated_at":"2025-10-16T13:02:48.051728Z","draft_created_at":null,"lead_time":23.759,"prediction":{},"result_count":1,"unique_id":"b5cab68e-42b5-47e7-9ddc-76ba95ca77ac","import_id":null,"last_action":null,"bulk_created":false,"task":39,"project":1,"updated_by":1,"parent_prediction":null,"parent_annotation":null,"last_created_by":null}],"file_upload":"6b20a97f-KH_aszf.txt","drafts":[],"predictions":[],"data":{"text":"3.10 A Bank nem vállal felelősséget a szolgáltatások nyújtása során felmerült technikai hibákért, illetve a tranzakciók ebből eredő sikertelenségéért."},"meta":{},"created_at":"2025-10-16T12:34:41.067779Z","updated_at":"2025-10-16T13:02:48.390218Z","inner_id":39,"total_annotations":1,"cancelled_annotations":0,"total_predictions":0,"comment_count":0,"unresolved_comment_count":0,"last_comment_updated_at":null,"project":1,"updated_by":1,"comment_authors":[]},{"id":40,"annotations":[{"id":38,"completed_by":1,"result":[{"value":{"choices":["2-Nehezen érthető"]},"id":"WOJfahaeG1","from_name":"sentiment","to_name":"text","type":"choices","origin":"manual"}],"was_cancelled":false,"ground_truth":false,"created_at":"2025-10-16T13:03:22.302658Z","updated_at":"2025-10-16T13:03:22.302706Z","draft_created_at":null,"lead_time":30.196,"prediction":{},"result_count":1,"unique_id":"cf835f8f-0476-4cc2-b4d7-48466444f88b","import_id":null,"last_action":null,"bulk_created":false,"task":40,"project":1,"updated_by":1,"parent_prediction":null,"parent_annotation":null,"last_created_by":null}],"file_upload":"6b20a97f-KH_aszf.txt","drafts":[],"predictions":[],"data":{"text":"3.11 Azon megbízások teljesítését, melyek rögzítése közben valamely technikai probléma merül fel, és ezáltal a megbízás megerősítése és\/vagy végrehajtásának visszaigazolása elmarad, a Bank jogosult megtagadni."},"meta":{},"created_at":"2025-10-16T12:34:41.067830Z","updated_at":"2025-10-16T13:03:22.602938Z","inner_id":40,"total_annotations":1,"cancelled_annotations":0,"total_predictions":0,"comment_count":0,"unresolved_comment_count":0,"last_comment_updated_at":null,"project":1,"updated_by":1,"comment_authors":[]},{"id":41,"annotations":[{"id":39,"completed_by":1,"result":[{"value":{"choices":["5-Könnyen érthető"]},"id":"4hrGNZ6ORn","from_name":"sentiment","to_name":"text","type":"choices","origin":"manual"}],"was_cancelled":false,"ground_truth":false,"created_at":"2025-10-16T13:03:37.281433Z","updated_at":"2025-10-16T13:03:37.281479Z","draft_created_at":null,"lead_time":12.012,"prediction":{},"result_count":1,"unique_id":"d25b6e09-0399-4dcf-912a-00f2f0ee2e68","import_id":null,"last_action":null,"bulk_created":false,"task":41,"project":1,"updated_by":1,"parent_prediction":null,"parent_annotation":null,"last_created_by":null}],"file_upload":"6b20a97f-KH_aszf.txt","drafts":[],"predictions":[],"data":{"text":"3.12 Amennyiben az Ügyfél az e-bank azonosító kártyát, az e-azonosító számot, a PIN kódot, illetve az sms aktivizáló kódot, valamint az egyszer használatos jelszót nem titkosan, nem megfelelő gondossággal kezeli, vagy más használatába adja, illetve más tudomására hozza, az ebből eredő károk az Ügyfelet terhelik, ezekért a Bank felelősséget nem vállal."},"meta":{},"created_at":"2025-10-16T12:34:41.067885Z","updated_at":"2025-10-16T13:03:37.620511Z","inner_id":41,"total_annotations":1,"cancelled_annotations":0,"total_predictions":0,"comment_count":0,"unresolved_comment_count":0,"last_comment_updated_at":null,"project":1,"updated_by":1,"comment_authors":[]},{"id":42,"annotations":[{"id":40,"completed_by":1,"result":[{"value":{"choices":["3-Többé\/kevésbé megértem"]},"id":"hkuy90fPkc","from_name":"sentiment","to_name":"text","type":"choices","origin":"manual"}],"was_cancelled":false,"ground_truth":false,"created_at":"2025-10-16T13:03:44.798369Z","updated_at":"2025-10-16T13:03:44.798397Z","draft_created_at":null,"lead_time":5.491,"prediction":{},"result_count":1,"unique_id":"9f65f9ff-e82b-4efc-add5-7e67931e7b48","import_id":null,"last_action":null,"bulk_created":false,"task":42,"project":1,"updated_by":1,"parent_prediction":null,"parent_annotation":null,"last_created_by":null}],"file_upload":"6b20a97f-KH_aszf.txt","drafts":[],"predictions":[],"data":{"text":"3.13 A szolgáltatás igénybevételével történő rendelkezésekhez a jogosultság igazolása az e-bank azonosító kártya, és a PIN kód, illetve az e-azonosító szám és az egyszer használatos jelszó együttes használatával történik. A Bank nem vizsgálja az e-bank azonosító kártya, és a PIN kód, illetve az e- azonosító szám és az egyszer használatos jelszó használójának a használatra vonatkozó jogosultságát, illetve a használat körülményeit. Az illetéktelen használatból eredő károkért a Bank nem tartozik felelősséggel."},"meta":{},"created_at":"2025-10-16T12:34:41.067939Z","updated_at":"2025-10-16T13:03:45.068312Z","inner_id":42,"total_annotations":1,"cancelled_annotations":0,"total_predictions":0,"comment_count":0,"unresolved_comment_count":0,"last_comment_updated_at":null,"project":1,"updated_by":1,"comment_authors":[]},{"id":43,"annotations":[{"id":41,"completed_by":1,"result":[{"value":{"choices":["2-Nehezen érthető"]},"id":"CJVR5kvawI","from_name":"sentiment","to_name":"text","type":"choices","origin":"manual"}],"was_cancelled":false,"ground_truth":false,"created_at":"2025-10-16T13:04:05.371894Z","updated_at":"2025-10-16T13:04:05.371944Z","draft_created_at":null,"lead_time":18.403,"prediction":{},"result_count":1,"unique_id":"41ce3c8f-8754-4698-84dc-ebd18e5aec0b","import_id":null,"last_action":null,"bulk_created":false,"task":43,"project":1,"updated_by":1,"parent_prediction":null,"parent_annotation":null,"last_created_by":null}],"file_upload":"6b20a97f-KH_aszf.txt","drafts":[],"predictions":[],"data":{"text":"3.14 Az Ügyfél köteles az általa adott megbízások szükséges fedezetének a teljesítés időpontjában történő rendelkezésre állásáról gondoskodni, ideértve a megbízások teljesítése esetére felszámítandó azon mindenkori díjak, költségek összegét is, melyek a megbízás teljesítésével egyidejűleg esedékesek. Amennyiben a megbízások költségeinek fedezetére az ügyfél számlája nem szolgál megfelelő fedezetül, a Bank jogosult a megbízás teljesítését visszautasítani."},"meta":{},"created_at":"2025-10-16T12:34:41.067992Z","updated_at":"2025-10-16T13:04:05.775836Z","inner_id":43,"total_annotations":1,"cancelled_annotations":0,"total_predictions":0,"comment_count":0,"unresolved_comment_count":0,"last_comment_updated_at":null,"project":1,"updated_by":1,"comment_authors":[]},{"id":44,"annotations":[{"id":42,"completed_by":1,"result":[{"value":{"choices":["4-Érthető"]},"id":"-frhiLqr7N","from_name":"sentiment","to_name":"text","type":"choices","origin":"manual"}],"was_cancelled":false,"ground_truth":false,"created_at":"2025-10-16T13:04:17.042909Z","updated_at":"2025-10-16T13:04:17.042956Z","draft_created_at":null,"lead_time":9.537,"prediction":{},"result_count":1,"unique_id":"dd168344-7070-4418-9125-e34c680b5220","import_id":null,"last_action":null,"bulk_created":false,"task":44,"project":1,"updated_by":1,"parent_prediction":null,"parent_annotation":null,"last_created_by":null}],"file_upload":"6b20a97f-KH_aszf.txt","drafts":[],"predictions":[],"data":{"text":"3.15 A Bank a szolgáltatások igénybevétele útján felvett megbízásokat a megbízások befogadásának és teljesítésének rendjéről szóló Hirdetményében meghatározott határidőn belül teljesíti."},"meta":{},"created_at":"2025-10-16T12:34:41.068044Z","updated_at":"2025-10-16T13:04:17.394601Z","inner_id":44,"total_annotations":1,"cancelled_annotations":0,"total_predictions":0,"comment_count":0,"unresolved_comment_count":0,"last_comment_updated_at":null,"project":1,"updated_by":1,"comment_authors":[]},{"id":45,"annotations":[{"id":43,"completed_by":1,"result":[{"value":{"choices":["2-Nehezen érthető"]},"id":"ERUo787Upo","from_name":"sentiment","to_name":"text","type":"choices","origin":"manual"}],"was_cancelled":false,"ground_truth":false,"created_at":"2025-10-16T13:04:35.427024Z","updated_at":"2025-10-16T13:04:35.427050Z","draft_created_at":null,"lead_time":16.09,"prediction":{},"result_count":1,"unique_id":"bf3cd6cf-abd2-4537-9260-9f18661ba85c","import_id":null,"last_action":null,"bulk_created":false,"task":45,"project":1,"updated_by":1,"parent_prediction":null,"parent_annotation":null,"last_created_by":null}],"file_upload":"6b20a97f-KH_aszf.txt","drafts":[],"predictions":[],"data":{"text":"3.16 A Bank a szolgáltatások igénybevétele útján megadott megbízást és azok teljesítését számítástechnikai rendszere útján rögzíti. Az Ügyfél\/Felhasználó elfogadja a Bank rendszerében rögzített adatok valódiságát, esetleges jogvita esetén bizonyítékként ismeri el azokat, mind a megbízás megadására, mind annak teljesítésére vonatkozóan."},"meta":{},"created_at":"2025-10-16T12:34:41.068096Z","updated_at":"2025-10-16T13:04:35.807300Z","inner_id":45,"total_annotations":1,"cancelled_annotations":0,"total_predictions":0,"comment_count":0,"unresolved_comment_count":0,"last_comment_updated_at":null,"project":1,"updated_by":1,"comment_authors":[]},{"id":46,"annotations":[{"id":44,"completed_by":1,"result":[{"value":{"choices":["4-Érthető"]},"id":"W352kzDjGM","from_name":"sentiment","to_name":"text","type":"choices","origin":"manual"}],"was_cancelled":false,"ground_truth":false,"created_at":"2025-10-16T13:05:02.013797Z","updated_at":"2025-10-16T13:05:02.013834Z","draft_created_at":null,"lead_time":15.361,"prediction":{},"result_count":1,"unique_id":"299bbe6b-9fc1-4902-b9c6-3efde59a214d","import_id":null,"last_action":null,"bulk_created":false,"task":46,"project":1,"updated_by":1,"parent_prediction":null,"parent_annotation":null,"last_created_by":null}],"file_upload":"6b20a97f-KH_aszf.txt","drafts":[],"predictions":[],"data":{"text":"3.17 A Bank minden elvárhatót megtesz annak érdekében, hogy az Ügyfél adatai – elektronikus úton történő adattovábbítás esetén - illetéktelen személyek részére ne lehessenek hozzáférhetőek. Az Ügyfél tudomásul veszi, hogy amennyiben valamely adat a Bank elvárható gondossága ellenére harmadik személy részére hozzáférhetővé válik, az ebből eredő kárért a Bankkal szemben igényt nem támaszt."},"meta":{},"created_at":"2025-10-16T12:34:41.068149Z","updated_at":"2025-10-16T13:05:02.327430Z","inner_id":46,"total_annotations":1,"cancelled_annotations":0,"total_predictions":0,"comment_count":0,"unresolved_comment_count":0,"last_comment_updated_at":null,"project":1,"updated_by":1,"comment_authors":[]},{"id":47,"annotations":[{"id":45,"completed_by":1,"result":[{"value":{"choices":["2-Nehezen érthető"]},"id":"EVXo3NNC-D","from_name":"sentiment","to_name":"text","type":"choices","origin":"manual"}],"was_cancelled":false,"ground_truth":false,"created_at":"2025-10-16T13:05:14.433387Z","updated_at":"2025-10-16T13:05:14.433432Z","draft_created_at":null,"lead_time":9.37,"prediction":{},"result_count":1,"unique_id":"6e7fa522-775e-43fe-864c-6b675f8d3a8d","import_id":null,"last_action":null,"bulk_created":false,"task":47,"project":1,"updated_by":1,"parent_prediction":null,"parent_annotation":null,"last_created_by":null}],"file_upload":"6b20a97f-KH_aszf.txt","drafts":[],"predictions":[],"data":{"text":"3.18 Az Ügyfél haladéktalanul köteles bejelenteni a Banknak, ha azt észleli, hogy a számlakivonaton jogosulatlan műveletet tűntettek fel. A reklamáció a Bankkal szembeni kötelezettségekre nem jelent halasztási lehetőséget. A bejelentést az Ügyfél írásban, a Bank bármely fiókjában megteheti."},"meta":{},"created_at":"2025-10-16T12:34:41.068200Z","updated_at":"2025-10-16T13:05:14.867340Z","inner_id":47,"total_annotations":1,"cancelled_annotations":0,"total_predictions":0,"comment_count":0,"unresolved_comment_count":0,"last_comment_updated_at":null,"project":1,"updated_by":1,"comment_authors":[]},{"id":48,"annotations":[{"id":46,"completed_by":1,"result":[{"value":{"choices":["1-Nagyon nehezen érthető"]},"id":"vkII_vDR3-","from_name":"sentiment","to_name":"text","type":"choices","origin":"manual"}],"was_cancelled":false,"ground_truth":false,"created_at":"2025-10-16T13:05:22.439154Z","updated_at":"2025-10-16T13:05:22.439198Z","draft_created_at":null,"lead_time":5.434,"prediction":{},"result_count":1,"unique_id":"4c94b6fb-581e-4177-beba-a8de6327d130","import_id":null,"last_action":null,"bulk_created":false,"task":48,"project":1,"updated_by":1,"parent_prediction":null,"parent_annotation":null,"last_created_by":null}],"file_upload":"6b20a97f-KH_aszf.txt","drafts":[],"predictions":[],"data":{"text":"3.19 A Bank nem felel azokért az eseményekért, nem teljesítésekért, amelyek abból adódnak, hogy Ügyfél nem vagy nem megfelelően alkalmazza az e-bank azonosító kártyát, az e-azonosító számot, illetve az olvasót, vagy nem a rendeltetésszerű használatukhoz szükséges környezetben alkalmazza azokat. Rendeltetésszerű használathoz szükséges környezeten az ÁSZF-ben meghatározott paraméterű eszközöket, a Bank által rendelkezésre bocsátott telepítő program komponenseit valamint az ezek állandó használatára alkalmas mindenkori technikai környezetet kell érteni."},"meta":{},"created_at":"2025-10-16T12:34:41.068253Z","updated_at":"2025-10-16T13:05:22.819431Z","inner_id":48,"total_annotations":1,"cancelled_annotations":0,"total_predictions":0,"comment_count":0,"unresolved_comment_count":0,"last_comment_updated_at":null,"project":1,"updated_by":1,"comment_authors":[]},{"id":49,"annotations":[{"id":47,"completed_by":1,"result":[{"value":{"choices":["4-Érthető"]},"id":"GZS8LUOR2U","from_name":"sentiment","to_name":"text","type":"choices","origin":"manual"}],"was_cancelled":false,"ground_truth":false,"created_at":"2025-10-16T13:05:39.620177Z","updated_at":"2025-10-16T13:05:39.620219Z","draft_created_at":"2025-10-16T13:05:38.892618Z","lead_time":14.795,"prediction":{},"result_count":1,"unique_id":"3439982e-4287-4c2b-847b-bfb044692892","import_id":null,"last_action":null,"bulk_created":false,"task":49,"project":1,"updated_by":1,"parent_prediction":null,"parent_annotation":null,"last_created_by":null}],"file_upload":"6b20a97f-KH_aszf.txt","drafts":[],"predictions":[],"data":{"text":"3.20 A Bank kizárja felelősségi köréből azokat a káreseményeket is, amelyek abból erednek, hogy az Ügyfél nem az előírt módon kezeli, tárolja, használja az e-bank azonosító kártyát, az e-azonosító számot, az sms aktivizáló kódot és az egyszer használatos jelszót, illetve a PIN kódot."},"meta":{},"created_at":"2025-10-16T12:34:41.068386Z","updated_at":"2025-10-16T13:05:40.040483Z","inner_id":49,"total_annotations":1,"cancelled_annotations":0,"total_predictions":0,"comment_count":0,"unresolved_comment_count":0,"last_comment_updated_at":null,"project":1,"updated_by":1,"comment_authors":[]}]